iteration,prim_res,dual_res,duality_gap,restart
1,1.461e-01,1.051e+00,-9.815e+00,0
2,9.383e-02,8.143e-01,-6.878e+00,0
3,6.000e-02,5.695e-01,-5.535e+00,0
4,5.518e-02,5.101e-01,-4.634e+00,0
5,5.011e-02,5.665e-01,-3.865e+00,0
6,3.784e-02,5.489e-01,-3.091e+00,0
7,2.817e-02,5.210e-01,-2.258e+00,0
8,2.992e-02,4.952e-01,-1.593e+00,0
9,2.909e-02,4.656e-01,-1.113e+00,0
10,2.970e-02,3.888e-01,-7.209e-01,0
11,3.408e-02,2.940e-01,-4.628e-01,0
12,3.271e-02,2.231e-01,-3.573e-01,0
13,2.821e-02,2.211e-01,-3.136e-01,0
14,2.188e-02,2.014e-01,-2.953e-01,0
15,1.726e-02,1.860e-01,-3.075e-01,0
16,1.568e-02,1.658e-01,-3.031e-01,0
17,1.398e-02,1.501e-01,-2.685e-01,0
18,1.125e-02,1.418e-01,-2.359e-01,0
19,1.078e-02,1.359e-01,-2.319e-01,0
20,1.009e-02,1.237e-01,-2.392e-01,0
21,9.368e-03,1.166e-01,-2.679e-01,0
22,8.690e-03,1.206e-01,-3.169e-01,0
23,7.786e-03,1.191e-01,-3.660e-01,0
24,9.314e-03,1.088e-01,-4.122e-01,0
25,1.002e-02,9.947e-02,-4.529e-01,0
26,9.917e-03,9.838e-02,-4.953e-01,0
27,8.981e-03,1.065e-01,-5.363e-01,0
28,7.435e-03,1.045e-01,-5.664e-01,0
29,5.731e-03,9.216e-02,-5.792e-01,0
30,5.322e-03,8.878e-02,-5.726e-01,0
31,7.255e-03,8.727e-02,-5.370e-01,0
32,7.985e-03,8.924e-02,-4.982e-01,0
33,7.405e-03,8.813e-02,-4.475e-01,0
34,6.707e-03,8.056e-02,-3.878e-01,0
35,5.687e-03,7.434e-02,-3.227e-01,0
36,4.956e-03,6.761e-02,-2.722e-01,0
37,4.738e-03,6.411e-02,-2.372e-01,0
38,3.902e-03,6.268e-02,-2.108e-01,0
39,2.808e-03,6.328e-02,-1.911e-01,0
40,3.504e-03,6.599e-02,-1.695e-01,0
41,3.790e-03,6.897e-02,-1.462e-01,0
42,3.633e-03,6.976e-02,-1.343e-01,0
43,3.406e-03,7.001e-02,-1.353e-01,0
44,3.022e-03,6.820e-02,-1.415e-01,0
45,3.118e-03,6.468e-02,-1.501e-01,0
46,3.308e-03,6.220e-02,-1.627e-01,0
47,3.336e-03,5.895e-02,-1.762e-01,0
48,3.186e-03,4.913e-02,-1.870e-01,0
49,3.375e-03,3.862e-02,-1.849e-01,0
50,3.452e-03,3.050e-02,-1.777e-01,1
51,3.231e-03,3.382e-02,-1.672e-01,0
52,2.590e-03,3.573e-02,-1.607e-01,0
53,2.368e-03,3.631e-02,-1.578e-01,0
54,2.713e-03,3.637e-02,-1.581e-01,0
55,2.802e-03,3.615e-02,-1.605e-01,0
56,2.700e-03,3.583e-02,-1.640e-01,0
57,2.472e-03,3.545e-02,-1.679e-01,0
58,2.173e-03,3.239e-02,-1.709e-01,0
59,1.861e-03,3.050e-02,-1.757e-01,0
60,1.838e-03,2.978e-02,-1.804e-01,0
61,1.741e-03,2.777e-02,-1.839e-01,0
62,2.053e-03,2.760e-02,-1.875e-01,0
63,1.977e-03,2.739e-02,-1.900e-01,0
64,1.860e-03,2.743e-02,-1.884e-01,0
65,1.722e-03,2.863e-02,-1.830e-01,0
66,1.600e-03,2.913e-02,-1.762e-01,0
67,1.591e-03,2.917e-02,-1.678e-01,0
68,1.684e-03,2.555e-02,-1.546e-01,0
69,1.742e-03,2.189e-02,-1.348e-01,0
70,1.896e-03,1.906e-02,-1.159e-01,0
71,1.917e-03,1.885e-02,-9.864e-02,0
72,1.893e-03,1.834e-02,-8.298e-02,0
73,1.826e-03,1.764e-02,-6.959e-02,0
74,1.694e-03,1.673e-02,-5.870e-02,0
75,1.495e-03,1.572e-02,-5.020e-02,0
76,1.565e-03,1.715e-02,-4.392e-02,0
77,1.937e-03,1.752e-02,-4.039e-02,0
78,2.103e-03,1.709e-02,-3.909e-02,0
79,2.104e-03,1.607e-02,-3.913e-02,0
80,1.973e-03,1.614e-02,-4.005e-02,0
81,1.742e-03,1.595e-02,-4.160e-02,0
82,1.441e-03,1.538e-02,-4.354e-02,0
83,1.096e-03,1.446e-02,-4.561e-02,0
84,9.080e-04,1.324e-02,-4.761e-02,0
85,9.120e-04,1.181e-02,-4.937e-02,0
86,9.220e-04,1.151e-02,-5.081e-02,0
87,9.350e-04,1.115e-02,-5.191e-02,0
88,9.458e-04,1.122e-02,-5.269e-02,0
89,9.488e-04,1.152e-02,-5.319e-02,0
90,9.386e-04,1.174e-02,-5.344e-02,0
91,9.112e-04,1.190e-02,-5.346e-02,0
92,8.648e-04,1.200e-02,-5.327e-02,0
93,7.990e-04,1.206e-02,-5.288e-02,0
94,7.155e-04,1.208e-02,-5.225e-02,0
95,6.023e-04,1.256e-02,-5.137e-02,0
96,4.817e-04,1.279e-02,-5.038e-02,0
97,4.413e-04,1.268e-02,-4.928e-02,0
98,4.180e-04,1.241e-02,-4.812e-02,0
99,3.827e-04,1.229e-02,-4.693e-02,0
100,3.983e-04,1.206e-02,-4.566e-02,1
101,4.120e-04,1.175e-02,-4.432e-02,0
102,4.287e-04,1.138e-02,-4.292e-02,0
103,4.500e-04,1.100e-02,-4.153e-02,0
104,4.549e-04,1.093e-02,-4.037e-02,0
105,4.403e-04,1.118e-02,-3.876e-02,0
106,4.551e-04,1.132e-02,-3.635e-02,0
107,5.318e-04,1.149e-02,-3.406e-02,0
108,5.756e-04,1.163e-02,-3.169e-02,0
109,5.858e-04,1.169e-02,-2.930e-02,0
110,5.693e-04,1.166e-02,-2.700e-02,0
111,5.343e-04,1.160e-02,-2.494e-02,0
112,4.874e-04,1.165e-02,-2.324e-02,0
113,4.325e-04,1.160e-02,-2.198e-02,0
114,3.724e-04,1.157e-02,-2.119e-02,0
115,3.429e-04,1.167e-02,-2.085e-02,0
116,3.460e-04,1.184e-02,-2.093e-02,0
117,3.387e-04,1.206e-02,-2.137e-02,0
118,3.243e-04,1.231e-02,-2.210e-02,0
119,3.263e-04,1.258e-02,-2.306e-02,0
120,3.399e-04,1.287e-02,-2.420e-02,0
121,3.421e-04,1.315e-02,-2.545e-02,0
122,3.326e-04,1.331e-02,-2.676e-02,0
123,3.124e-04,1.334e-02,-2.809e-02,0
124,2.827e-04,1.357e-02,-2.943e-02,0
125,2.491e-04,1.382e-02,-3.068e-02,0
126,2.279e-04,1.405e-02,-3.188e-02,0
127,2.241e-04,1.425e-02,-3.299e-02,0
128,2.213e-04,1.452e-02,-3.405e-02,0
129,2.976e-04,1.492e-02,-3.517e-02,0
130,2.817e-04,1.501e-02,-3.609e-02,0
131,2.798e-04,1.495e-02,-3.650e-02,0
132,3.120e-04,1.484e-02,-3.661e-02,0
133,3.506e-04,1.474e-02,-3.667e-02,0
134,3.839e-04,1.465e-02,-3.682e-02,0
135,4.106e-04,1.457e-02,-3.713e-02,0
136,4.301e-04,1.448e-02,-3.757e-02,0
137,4.427e-04,1.438e-02,-3.810e-02,0
138,4.482e-04,1.427e-02,-3.867e-02,0
139,4.468e-04,1.415e-02,-3.927e-02,0
140,4.389e-04,1.402e-02,-3.988e-02,0
141,4.252e-04,1.388e-02,-4.053e-02,0
142,4.068e-04,1.374e-02,-4.122e-02,0
143,3.852e-04,1.319e-02,-4.161e-02,0
144,3.734e-04,1.281e-02,-4.233e-02,0
145,3.653e-04,1.249e-02,-4.330e-02,0
146,3.627e-04,1.216e-02,-4.446e-02,0
147,3.621e-04,1.182e-02,-4.574e-02,0
148,3.606e-04,1.148e-02,-4.706e-02,0
149,3.568e-04,1.116e-02,-4.840e-02,0
150,3.500e-04,1.086e-02,-4.972e-02,1
151,3.507e-04,1.060e-02,-5.099e-02,0
152,3.572e-04,1.038e-02,-5.220e-02,0
153,3.591e-04,1.020e-02,-5.333e-02,0
154,3.572e-04,1.005e-02,-5.435e-02,0
155,3.534e-04,9.944e-03,-5.527e-02,0
156,3.457e-04,9.865e-03,-5.608e-02,0
157,3.346e-04,9.811e-03,-5.676e-02,0
158,3.208e-04,9.776e-03,-5.733e-02,0
159,3.051e-04,9.755e-03,-5.777e-02,0
160,2.882e-04,9.744e-03,-5.810e-02,0
161,2.708e-04,9.738e-03,-5.832e-02,0
162,2.536e-04,9.735e-03,-5.843e-02,0
163,2.371e-04,9.731e-03,-5.845e-02,0
164,2.348e-04,9.725e-03,-5.839e-02,0
165,2.491e-04,9.713e-03,-5.826e-02,0
166,2.630e-04,9.694e-03,-5.808e-02,0
167,2.761e-04,9.667e-03,-5.786e-02,0
168,2.879e-04,9.629e-03,-5.762e-02,0
169,2.980e-04,9.580e-03,-5.737e-02,0
170,3.063e-04,9.519e-03,-5.711e-02,0
171,3.124e-04,9.448e-03,-5.686e-02,0
172,3.163e-04,9.366e-03,-5.663e-02,0
173,3.180e-04,9.275e-03,-5.641e-02,0
174,3.173e-04,9.176e-03,-5.622e-02,0
175,3.174e-04,9.073e-03,-5.608e-02,0
176,3.616e-04,8.203e-03,-5.244e-02,0
177,3.185e-04,7.329e-03,-5.012e-02,0
178,2.637e-04,6.673e-03,-4.875e-02,0
179,2.650e-04,6.414e-03,-4.792e-02,0
180,2.968e-04,6.506e-03,-4.730e-02,0
181,3.180e-04,6.651e-03,-4.673e-02,0
182,3.312e-04,6.782e-03,-4.616e-02,0
183,3.393e-04,6.861e-03,-4.555e-02,0
184,3.443e-04,6.880e-03,-4.492e-02,0
185,3.478e-04,6.842e-03,-4.429e-02,0
186,3.504e-04,6.764e-03,-4.368e-02,0
187,3.522e-04,6.662e-03,-4.310e-02,0
188,3.533e-04,6.550e-03,-4.254e-02,0
189,3.537e-04,6.440e-03,-4.201e-02,0
190,3.537e-04,6.337e-03,-4.148e-02,0
191,3.535e-04,6.245e-03,-4.095e-02,0
192,3.533e-04,6.169e-03,-4.035e-02,0
193,3.531e-04,6.263e-03,-3.840e-02,0
194,3.428e-04,6.211e-03,-3.666e-02,0
195,3.495e-04,6.025e-03,-3.505e-02,0
196,3.557e-04,5.820e-03,-3.373e-02,0
197,3.572e-04,5.657e-03,-3.269e-02,0
198,3.522e-04,5.847e-03,-3.190e-02,0
199,3.407e-04,6.046e-03,-3.128e-02,0
200,3.241e-04,6.183e-03,-3.075e-02,1
201,3.049e-04,6.263e-03,-3.023e-02,0
202,2.853e-04,6.292e-03,-2.967e-02,0
203,2.667e-04,6.279e-03,-2.903e-02,0
204,2.653e-04,6.230e-03,-2.828e-02,0
205,2.709e-04,6.152e-03,-2.743e-02,0
206,2.724e-04,6.048e-03,-2.650e-02,0
207,2.702e-04,5.921e-03,-2.551e-02,0
208,2.646e-04,5.772e-03,-2.449e-02,0
209,2.676e-04,5.602e-03,-2.348e-02,0
210,2.707e-04,5.413e-03,-2.248e-02,0
211,2.719e-04,5.207e-03,-2.151e-02,0
212,2.708e-04,4.987e-03,-2.057e-02,0
213,2.729e-04,4.760e-03,-1.966e-02,0
214,2.778e-04,4.529e-03,-1.877e-02,0
215,2.814e-04,4.298e-03,-1.789e-02,0
216,2.836e-04,4.012e-03,-1.700e-02,0
217,2.861e-04,3.907e-03,-1.635e-02,0
218,2.909e-04,3.892e-03,-1.567e-02,0
219,2.920e-04,3.913e-03,-1.499e-02,0
220,2.881e-04,3.973e-03,-1.431e-02,0
221,2.791e-04,4.057e-03,-1.364e-02,0
222,2.660e-04,4.146e-03,-1.296e-02,0
223,2.500e-04,4.229e-03,-1.228e-02,0
224,2.431e-04,4.300e-03,-1.161e-02,0
225,2.363e-04,4.356e-03,-1.097e-02,0
226,2.280e-04,4.397e-03,-1.036e-02,0
227,2.184e-04,4.421e-03,-9.791e-03,0
228,2.076e-04,4.453e-03,-9.257e-03,0
229,1.918e-04,4.483e-03,-8.876e-03,0
230,1.690e-04,4.428e-03,-8.736e-03,0
231,1.576e-04,4.337e-03,-8.567e-03,0
232,1.565e-04,4.231e-03,-8.326e-03,0
233,1.500e-04,4.123e-03,-8.053e-03,0
234,1.390e-04,4.017e-03,-7.789e-03,0
235,1.255e-04,3.916e-03,-7.554e-03,0
236,1.114e-04,3.819e-03,-7.356e-03,0
237,1.115e-04,3.726e-03,-7.191e-03,0
238,1.099e-04,3.637e-03,-7.048e-03,0
239,1.057e-04,3.578e-03,-6.825e-03,0
240,1.022e-04,3.523e-03,-6.663e-03,0
241,1.015e-04,3.456e-03,-6.569e-03,0
242,1.024e-04,3.413e-03,-6.560e-03,0
243,1.009e-04,3.368e-03,-6.267e-03,0
244,9.260e-05,3.322e-03,-5.755e-03,0
245,8.778e-05,3.293e-03,-5.275e-03,0
246,8.759e-05,3.269e-03,-4.853e-03,0
247,9.365e-05,3.249e-03,-4.514e-03,0
248,1.011e-04,3.230e-03,-4.276e-03,0
249,1.094e-04,3.212e-03,-4.145e-03,0
250,1.156e-04,3.192e-03,-4.121e-03,1
251,1.191e-04,3.174e-03,-4.193e-03,0
252,1.194e-04,3.159e-03,-4.338e-03,0
253,1.164e-04,3.148e-03,-4.533e-03,0
254,1.103e-04,3.143e-03,-4.751e-03,0
255,1.014e-04,3.143e-03,-4.967e-03,0
256,9.032e-05,3.145e-03,-5.165e-03,0
257,8.047e-05,3.150e-03,-5.335e-03,0
258,7.876e-05,3.155e-03,-5.474e-03,0
259,7.593e-05,3.159e-03,-5.586e-03,0
260,7.219e-05,3.161e-03,-5.681e-03,0
261,6.775e-05,3.161e-03,-5.771e-03,0
262,6.286e-05,3.159e-03,-5.868e-03,0
263,6.048e-05,3.154e-03,-5.982e-03,0
264,6.200e-05,3.145e-03,-6.120e-03,0
265,6.295e-05,3.132e-03,-6.286e-03,0
266,6.329e-05,3.116e-03,-6.480e-03,0
267,1.066e-04,3.167e-03,-6.568e-03,0
268,1.312e-04,3.203e-03,-6.544e-03,0
269,1.050e-04,3.162e-03,-6.579e-03,0
270,9.264e-05,3.073e-03,-6.713e-03,0
271,9.072e-05,2.967e-03,-6.887e-03,0
272,9.999e-05,2.847e-03,-7.057e-03,0
273,1.065e-04,2.715e-03,-7.204e-03,0
274,1.112e-04,2.577e-03,-7.316e-03,0
275,1.144e-04,2.444e-03,-7.380e-03,0
276,1.162e-04,2.379e-03,-7.390e-03,0
277,1.168e-04,2.387e-03,-7.345e-03,0
278,1.166e-04,2.386e-03,-7.252e-03,0
279,1.157e-04,2.377e-03,-7.123e-03,0
280,1.142e-04,2.360e-03,-6.973e-03,0
281,1.120e-04,2.337e-03,-6.817e-03,0
282,1.090e-04,2.308e-03,-6.666e-03,0
283,1.052e-04,2.276e-03,-6.530e-03,0
284,1.006e-04,2.240e-03,-6.411e-03,0
285,9.649e-05,2.202e-03,-6.311e-03,0
286,9.724e-05,2.163e-03,-6.227e-03,0
287,9.670e-05,2.125e-03,-6.154e-03,0
288,9.506e-05,2.087e-03,-6.088e-03,0
289,9.513e-05,2.052e-03,-6.020e-03,0
290,9.565e-05,2.019e-03,-5.947e-03,0
291,9.547e-05,1.990e-03,-5.864e-03,0
292,9.460e-05,1.966e-03,-5.784e-03,0
293,9.332e-05,1.931e-03,-5.753e-03,0
294,9.277e-05,1.895e-03,-5.711e-03,0
295,9.191e-05,1.849e-03,-5.639e-03,0
296,9.025e-05,1.829e-03,-5.535e-03,0
297,8.716e-05,1.823e-03,-5.414e-03,0
298,8.358e-05,1.823e-03,-5.300e-03,0
299,8.010e-05,1.822e-03,-5.200e-03,0
300,7.688e-05,1.820e-03,-5.111e-03,1
301,7.394e-05,1.815e-03,-5.029e-03,0
302,7.131e-05,1.806e-03,-4.948e-03,0
303,6.903e-05,1.794e-03,-4.863e-03,0
304,6.718e-05,1.778e-03,-4.778e-03,0
305,6.587e-05,1.753e-03,-4.640e-03,0
306,6.420e-05,1.717e-03,-4.434e-03,0
307,6.214e-05,1.676e-03,-4.217e-03,0
308,6.099e-05,1.635e-03,-3.999e-03,0
309,6.085e-05,1.630e-03,-3.793e-03,0
310,6.136e-05,1.649e-03,-3.606e-03,0
311,6.214e-05,1.660e-03,-3.448e-03,0
312,6.286e-05,1.664e-03,-3.323e-03,0
313,6.326e-05,1.663e-03,-3.230e-03,0
314,6.315e-05,1.659e-03,-3.167e-03,0
315,6.245e-05,1.668e-03,-3.125e-03,0
316,6.112e-05,1.676e-03,-3.099e-03,0
317,5.923e-05,1.682e-03,-3.081e-03,0
318,5.688e-05,1.692e-03,-3.064e-03,0
319,5.416e-05,1.713e-03,-3.046e-03,0
320,5.121e-05,1.733e-03,-3.024e-03,0
321,4.812e-05,1.753e-03,-2.997e-03,0
322,4.498e-05,1.772e-03,-2.968e-03,0
323,4.187e-05,1.790e-03,-2.938e-03,0
324,3.884e-05,1.809e-03,-2.909e-03,0
325,3.754e-05,1.828e-03,-2.883e-03,0
326,3.628e-05,1.847e-03,-2.861e-03,0
327,3.486e-05,1.865e-03,-2.845e-03,0
328,3.332e-05,1.882e-03,-2.835e-03,0
329,3.167e-05,1.897e-03,-2.831e-03,0
330,2.995e-05,1.909e-03,-2.832e-03,0
331,2.818e-05,1.920e-03,-2.836e-03,0
332,2.638e-05,1.927e-03,-2.844e-03,0
333,2.457e-05,1.933e-03,-2.853e-03,0
334,2.276e-05,1.936e-03,-2.862e-03,0
335,2.098e-05,1.937e-03,-2.872e-03,0
336,1.922e-05,1.938e-03,-2.880e-03,0
337,1.831e-05,1.910e-03,-2.884e-03,0
338,5.158e-05,1.831e-03,-2.911e-03,0
339,5.235e-05,1.818e-03,-3.027e-03,0
340,4.863e-05,1.818e-03,-3.128e-03,0
341,4.307e-05,1.825e-03,-3.222e-03,0
342,3.759e-05,1.833e-03,-3.307e-03,0
343,3.326e-05,1.836e-03,-3.374e-03,0
344,3.045e-05,1.828e-03,-3.419e-03,0
345,3.373e-05,1.811e-03,-3.447e-03,0
346,3.541e-05,1.788e-03,-3.466e-03,0
347,3.568e-05,1.764e-03,-3.486e-03,0
348,3.685e-05,1.744e-03,-3.513e-03,0
349,3.821e-05,1.728e-03,-3.550e-03,0
350,3.957e-05,1.719e-03,-3.597e-03,1
351,4.097e-05,1.716e-03,-3.650e-03,0
352,4.239e-05,1.716e-03,-3.704e-03,0
353,4.379e-05,1.718e-03,-3.754e-03,0
354,4.509e-05,1.719e-03,-3.798e-03,0
355,4.621e-05,1.720e-03,-3.835e-03,0
356,4.705e-05,1.719e-03,-3.868e-03,0
357,4.754e-05,1.716e-03,-3.898e-03,0
358,4.762e-05,1.712e-03,-3.931e-03,0
359,4.726e-05,1.708e-03,-3.967e-03,0
360,4.649e-05,1.704e-03,-4.010e-03,0
361,4.532e-05,1.702e-03,-4.061e-03,0
362,4.381e-05,1.702e-03,-4.118e-03,0
363,4.202e-05,1.703e-03,-4.180e-03,0
364,4.002e-05,1.706e-03,-4.247e-03,0
365,3.788e-05,1.711e-03,-4.316e-03,0
366,3.564e-05,1.716e-03,-4.385e-03,0
367,3.337e-05,1.722e-03,-4.453e-03,0
368,3.257e-05,1.728e-03,-4.519e-03,0
369,3.268e-05,1.734e-03,-4.582e-03,0
370,3.263e-05,1.739e-03,-4.643e-03,0
371,3.242e-05,1.743e-03,-4.701e-03,0
372,3.206e-05,1.747e-03,-4.756e-03,0
373,3.154e-05,1.750e-03,-4.809e-03,0
374,3.087e-05,1.752e-03,-4.859e-03,0
375,3.006e-05,1.753e-03,-4.907e-03,0
376,2.911e-05,1.754e-03,-4.952e-03,0
377,2.806e-05,1.755e-03,-4.993e-03,0
378,2.690e-05,1.755e-03,-5.032e-03,0
379,2.568e-05,1.755e-03,-5.067e-03,0
380,2.442e-05,1.755e-03,-5.099e-03,0
381,2.313e-05,1.755e-03,-5.128e-03,0
382,2.184e-05,1.755e-03,-5.153e-03,0
383,2.058e-05,1.756e-03,-5.176e-03,0
384,1.937e-05,1.756e-03,-5.197e-03,0
385,1.821e-05,1.757e-03,-5.216e-03,0
386,1.712e-05,1.758e-03,-5.235e-03,0
387,1.611e-05,1.759e-03,-5.252e-03,0
388,3.037e-05,1.789e-03,-5.261e-03,0
389,2.740e-05,1.801e-03,-5.248e-03,0
390,2.442e-05,1.798e-03,-5.228e-03,0
391,2.300e-05,1.786e-03,-5.229e-03,0
392,2.227e-05,1.775e-03,-5.246e-03,0
393,2.122e-05,1.769e-03,-5.275e-03,0
394,2.010e-05,1.767e-03,-5.313e-03,0
395,2.169e-05,1.767e-03,-5.354e-03,0
396,2.264e-05,1.766e-03,-5.394e-03,0
397,2.287e-05,1.764e-03,-5.427e-03,0
398,2.238e-05,1.761e-03,-5.451e-03,0
399,2.125e-05,1.756e-03,-5.467e-03,0
400,1.961e-05,1.750e-03,-5.476e-03,1
401,1.762e-05,1.743e-03,-5.483e-03,0
402,1.544e-05,1.735e-03,-5.491e-03,0
403,1.438e-05,1.726e-03,-5.501e-03,0
404,1.471e-05,1.717e-03,-5.515e-03,0
405,1.493e-05,1.708e-03,-5.532e-03,0
406,1.503e-05,1.699e-03,-5.552e-03,0
407,1.501e-05,1.691e-03,-5.569e-03,0
408,1.487e-05,1.682e-03,-5.583e-03,0
409,1.459e-05,1.675e-03,-5.591e-03,0
410,1.418e-05,1.668e-03,-5.590e-03,0
411,1.364e-05,1.662e-03,-5.579e-03,0
412,1.298e-05,1.658e-03,-5.559e-03,0
413,1.220e-05,1.656e-03,-5.532e-03,0
414,1.132e-05,1.655e-03,-5.499e-03,0
415,1.035e-05,1.654e-03,-5.463e-03,0
416,9.315e-06,1.653e-03,-5.427e-03,0
417,8.219e-06,1.655e-03,-5.393e-03,0
418,7.989e-06,1.658e-03,-5.363e-03,0
419,8.867e-06,1.662e-03,-5.339e-03,0
420,9.616e-06,1.666e-03,-5.322e-03,0
421,1.020e-05,1.670e-03,-5.312e-03,0
422,1.060e-05,1.674e-03,-5.308e-03,0
423,1.081e-05,1.677e-03,-5.309e-03,0
424,1.085e-05,1.679e-03,-5.315e-03,0
425,1.074e-05,1.681e-03,-5.324e-03,0
426,1.052e-05,1.681e-03,-5.335e-03,0
427,1.020e-05,1.680e-03,-5.347e-03,0
428,9.833e-06,1.679e-03,-5.359e-03,0
429,9.438e-06,1.677e-03,-5.372e-03,0
430,9.164e-06,1.674e-03,-5.384e-03,0
431,9.095e-06,1.671e-03,-5.395e-03,0
432,8.951e-06,1.668e-03,-5.405e-03,0
433,8.734e-06,1.664e-03,-5.415e-03,0
434,8.450e-06,1.660e-03,-5.424e-03,0
435,8.108e-06,1.657e-03,-5.432e-03,0
436,7.717e-06,1.653e-03,-5.439e-03,0
437,7.288e-06,1.650e-03,-5.446e-03,0
438,6.983e-06,1.647e-03,-5.452e-03,0
439,6.772e-06,1.644e-03,-5.458e-03,0
440,6.551e-06,1.641e-03,-5.464e-03,0
441,6.326e-06,1.638e-03,-5.470e-03,0
442,6.101e-06,1.635e-03,-5.476e-03,0
443,5.880e-06,1.632e-03,-5.482e-03,0
444,5.665e-06,1.630e-03,-5.488e-03,0
445,5.456e-06,1.627e-03,-5.494e-03,0
446,5.256e-06,1.625e-03,-5.501e-03,0
447,5.063e-06,1.623e-03,-5.509e-03,0
448,4.879e-06,1.621e-03,-5.517e-03,0
449,4.703e-06,1.619e-03,-5.525e-03,0
450,4.534e-06,1.618e-03,-5.534e-03,1
451,1.043e-05,1.619e-03,-5.578e-03,0
452,1.587e-05,1.619e-03,-5.607e-03,0
453,2.041e-05,1.619e-03,-5.631e-03,0
454,2.413e-05,1.617e-03,-5.652e-03,0
455,2.740e-05,1.614e-03,-5.673e-03,0
456,3.235e-05,1.611e-03,-5.696e-03,0
457,3.641e-05,1.607e-03,-5.722e-03,0
458,3.942e-05,1.604e-03,-5.749e-03,0
459,4.132e-05,1.600e-03,-5.777e-03,0
460,4.213e-05,1.598e-03,-5.805e-03,0
461,6.570e-05,1.583e-03,-5.805e-03,0
462,2.839e-04,1.558e-03,-5.672e-03,0
463,2.537e-04,1.573e-03,-5.477e-03,0
464,2.448e-04,1.568e-03,-5.562e-03,0
465,2.553e-04,1.551e-03,-5.749e-03,0
466,2.696e-04,1.526e-03,-5.893e-03,0
467,2.850e-04,1.495e-03,-5.966e-03,0
468,3.023e-04,1.461e-03,-5.995e-03,0
469,3.207e-04,1.427e-03,-6.017e-03,0
470,3.506e-04,1.392e-03,-6.058e-03,0
471,3.919e-04,1.358e-03,-6.128e-03,0
472,4.312e-04,1.323e-03,-6.227e-03,0
473,4.674e-04,1.288e-03,-6.346e-03,0
474,4.995e-04,1.251e-03,-6.479e-03,0
475,5.269e-04,1.215e-03,-6.621e-03,0
476,5.495e-04,1.177e-03,-6.769e-03,0
477,5.676e-04,1.142e-03,-6.924e-03,0
478,5.816e-04,1.135e-03,-7.087e-03,0
479,5.921e-04,1.129e-03,-7.257e-03,0
480,5.997e-04,1.123e-03,-7.435e-03,0
481,6.050e-04,1.119e-03,-7.619e-03,0
482,6.085e-04,1.115e-03,-7.809e-03,0
483,6.107e-04,1.112e-03,-8.001e-03,0
484,6.121e-04,1.110e-03,-8.196e-03,0
485,6.129e-04,1.107e-03,-8.390e-03,0
486,6.136e-04,1.104e-03,-8.581e-03,0
487,6.142e-04,1.100e-03,-8.768e-03,0
488,6.149e-04,1.095e-03,-8.948e-03,0
489,6.157e-04,1.089e-03,-9.120e-03,0
490,6.166e-04,1.082e-03,-9.282e-03,0
491,6.176e-04,1.072e-03,-9.434e-03,0
492,6.185e-04,1.061e-03,-9.575e-03,0
493,6.194e-04,1.048e-03,-9.703e-03,0
494,6.200e-04,1.033e-03,-9.819e-03,0
495,6.205e-04,1.016e-03,-9.921e-03,0
496,6.206e-04,9.967e-04,-1.001e-02,0
497,6.204e-04,9.760e-04,-1.008e-02,0
498,6.198e-04,9.536e-04,-1.014e-02,0
499,6.217e-04,9.296e-04,-1.018e-02,0
500,6.313e-04,9.041e-04,-1.020e-02,1
501,6.404e-04,8.774e-04,-1.020e-02,0
502,6.490e-04,8.496e-04,-1.019e-02,0
503,6.572e-04,8.208e-04,-1.017e-02,0
504,6.648e-04,7.911e-04,-1.014e-02,0
505,6.720e-04,7.606e-04,-1.009e-02,0
506,6.785e-04,7.295e-04,-1.004e-02,0
507,6.845e-04,6.979e-04,-9.987e-03,0
508,6.897e-04,6.657e-04,-9.930e-03,0
509,6.942e-04,6.331e-04,-9.871e-03,0
510,6.978e-04,6.000e-04,-9.812e-03,0
511,7.006e-04,5.666e-04,-9.753e-03,0
512,7.025e-04,5.329e-04,-9.694e-03,0
513,7.034e-04,4.989e-04,-9.635e-03,0
514,7.034e-04,4.648e-04,-9.575e-03,0
515,7.025e-04,4.306e-04,-9.513e-03,0
516,7.007e-04,4.143e-04,-9.441e-03,0
517,7.094e-04,4.021e-04,-9.234e-03,0
518,7.053e-04,4.035e-04,-8.900e-03,0
519,6.912e-04,4.192e-04,-8.520e-03,0
520,6.720e-04,4.420e-04,-8.123e-03,0
521,6.498e-04,4.648e-04,-7.729e-03,0
522,6.258e-04,4.840e-04,-7.352e-03,0
523,6.007e-04,4.992e-04,-6.996e-03,0
524,5.752e-04,5.117e-04,-6.657e-03,0
525,5.494e-04,5.230e-04,-6.323e-03,0
526,5.232e-04,5.349e-04,-5.988e-03,0
527,4.964e-04,5.480e-04,-5.649e-03,0
528,4.691e-04,5.626e-04,-5.311e-03,0
529,4.412e-04,5.784e-04,-4.982e-03,0
530,4.129e-04,5.947e-04,-4.671e-03,0
531,3.999e-04,6.109e-04,-4.387e-03,0
532,3.873e-04,6.262e-04,-4.131e-03,0
533,3.741e-04,6.402e-04,-3.904e-03,0
534,3.647e-04,6.529e-04,-3.699e-03,0
535,3.555e-04,6.643e-04,-3.510e-03,0
536,3.463e-04,6.745e-04,-3.329e-03,0
537,3.370e-04,6.979e-04,-3.148e-03,0
538,3.275e-04,7.210e-04,-2.960e-03,0
539,3.177e-04,7.427e-04,-2.762e-03,0
540,3.073e-04,7.627e-04,-2.551e-03,0
541,2.963e-04,7.811e-04,-2.328e-03,0
542,2.846e-04,7.976e-04,-2.095e-03,0
543,2.721e-04,8.123e-04,-1.854e-03,0
544,2.587e-04,8.250e-04,-1.608e-03,0
545,2.446e-04,8.357e-04,-1.362e-03,0
546,2.295e-04,8.443e-04,-1.118e-03,0
547,2.136e-04,8.506e-04,-8.787e-04,0
548,1.967e-04,8.547e-04,-6.468e-04,0
549,1.791e-04,8.564e-04,-4.236e-04,0
550,1.606e-04,8.558e-04,-2.104e-04,1
551,1.413e-04,8.528e-04,-7.875e-06,0
552,1.280e-04,8.476e-04,1.834e-04,0
553,1.271e-04,8.402e-04,3.629e-04,0
554,1.246e-04,8.294e-04,5.236e-04,0
555,1.564e-04,8.065e-04,6.986e-04,0
556,1.494e-04,7.965e-04,9.238e-04,0
557,1.581e-04,7.961e-04,1.026e-03,0
558,1.789e-04,7.982e-04,1.029e-03,0
559,1.924e-04,8.011e-04,9.821e-04,0
560,1.977e-04,8.036e-04,9.236e-04,0
561,1.949e-04,8.056e-04,8.776e-04,0
562,1.854e-04,8.067e-04,8.548e-04,0
563,1.708e-04,8.065e-04,8.573e-04,0
564,1.696e-04,8.045e-04,8.831e-04,0
565,1.842e-04,8.003e-04,9.286e-04,0
566,1.989e-04,7.940e-04,9.896e-04,0
567,2.135e-04,7.856e-04,1.060e-03,0
568,2.285e-04,7.753e-04,1.134e-03,0
569,2.464e-04,7.631e-04,1.202e-03,0
570,2.641e-04,7.489e-04,1.257e-03,0
571,2.817e-04,7.326e-04,1.294e-03,0
572,2.993e-04,7.145e-04,1.310e-03,0
573,3.170e-04,6.947e-04,1.303e-03,0
574,3.349e-04,6.739e-04,1.276e-03,0
575,3.529e-04,6.525e-04,1.232e-03,0
576,3.710e-04,6.312e-04,1.175e-03,0
577,3.889e-04,6.102e-04,1.111e-03,0
578,4.065e-04,5.899e-04,1.044e-03,0
579,4.234e-04,5.751e-04,9.787e-04,0
580,4.394e-04,5.641e-04,9.191e-04,0
581,4.542e-04,5.520e-04,8.681e-04,0
582,4.674e-04,5.394e-04,8.278e-04,0
583,4.790e-04,5.266e-04,7.994e-04,0
584,4.886e-04,5.140e-04,7.834e-04,0
585,4.963e-04,5.020e-04,7.797e-04,0
586,5.020e-04,4.910e-04,7.879e-04,0
587,5.057e-04,4.812e-04,8.071e-04,0
588,5.075e-04,4.727e-04,8.368e-04,0
589,5.076e-04,4.657e-04,8.764e-04,0
590,5.062e-04,4.599e-04,9.253e-04,0
591,5.034e-04,4.553e-04,9.834e-04,0
592,4.993e-04,4.515e-04,1.050e-03,0
593,4.942e-04,4.483e-04,1.126e-03,0
594,4.882e-04,4.452e-04,1.210e-03,0
595,4.814e-04,4.418e-04,1.302e-03,0
596,4.740e-04,4.378e-04,1.400e-03,0
597,4.659e-04,4.327e-04,1.504e-03,0
598,4.573e-04,4.263e-04,1.611e-03,0
599,4.483e-04,4.183e-04,1.720e-03,0
600,4.388e-04,4.084e-04,1.828e-03,1
601,4.289e-04,3.966e-04,1.934e-03,0
602,4.186e-04,3.828e-04,2.033e-03,0
603,4.079e-04,3.670e-04,2.126e-03,0
604,3.968e-04,3.492e-04,2.209e-03,0
605,3.853e-04,3.295e-04,2.280e-03,0
606,3.734e-04,3.129e-04,2.339e-03,0
607,3.679e-04,2.989e-04,2.384e-03,0
608,3.634e-04,2.842e-04,2.415e-03,0
609,3.593e-04,2.690e-04,2.432e-03,0
610,3.556e-04,2.531e-04,2.434e-03,0
611,3.525e-04,2.369e-04,2.423e-03,0
612,3.499e-04,2.386e-04,2.400e-03,0
613,3.479e-04,2.413e-04,2.364e-03,0
614,3.465e-04,2.438e-04,2.318e-03,0
615,3.454e-04,2.460e-04,2.262e-03,0
616,3.448e-04,2.481e-04,2.199e-03,0
617,3.443e-04,2.563e-04,2.129e-03,0
618,3.440e-04,2.669e-04,2.053e-03,0
619,3.437e-04,2.766e-04,1.974e-03,0
620,3.432e-04,2.856e-04,1.891e-03,0
621,3.424e-04,2.937e-04,1.807e-03,0
622,3.412e-04,3.010e-04,1.722e-03,0
623,3.394e-04,3.074e-04,1.636e-03,0
624,3.370e-04,3.129e-04,1.550e-03,0
625,3.339e-04,3.177e-04,1.464e-03,0
626,3.299e-04,3.217e-04,1.378e-03,0
627,3.251e-04,3.250e-04,1.292e-03,0
628,3.194e-04,3.277e-04,1.205e-03,0
629,3.129e-04,3.297e-04,1.117e-03,0
630,3.055e-04,3.311e-04,1.028e-03,0
631,2.973e-04,3.319e-04,9.354e-04,0
632,2.884e-04,3.363e-04,8.399e-04,0
633,2.788e-04,3.425e-04,7.404e-04,0
634,2.686e-04,3.480e-04,6.364e-04,0
635,2.579e-04,3.526e-04,5.273e-04,0
636,2.469e-04,3.565e-04,4.128e-04,0
637,2.355e-04,3.595e-04,2.926e-04,0
638,2.240e-04,3.616e-04,1.666e-04,0
639,2.124e-04,3.629e-04,3.485e-05,0
640,2.009e-04,3.633e-04,-1.023e-04,0
641,1.896e-04,3.628e-04,-2.444e-04,0
642,1.784e-04,3.615e-04,-3.910e-04,0
643,1.676e-04,3.672e-04,-5.412e-04,0
644,1.572e-04,3.823e-04,-6.943e-04,0
645,1.473e-04,3.970e-04,-8.493e-04,0
646,1.378e-04,4.112e-04,-1.005e-03,0
647,1.288e-04,4.248e-04,-1.161e-03,0
648,1.227e-04,4.377e-04,-1.315e-03,0
649,1.284e-04,4.496e-04,-1.467e-03,0
650,1.338e-04,4.605e-04,-1.615e-03,1
651,1.390e-04,4.702e-04,-1.759e-03,0
652,1.438e-04,4.788e-04,-1.897e-03,0
653,1.483e-04,4.860e-04,-2.028e-03,0
654,1.525e-04,4.919e-04,-2.152e-03,0
655,1.564e-04,4.964e-04,-2.268e-03,0
656,1.600e-04,4.994e-04,-2.375e-03,0
657,1.632e-04,5.010e-04,-2.473e-03,0
658,1.662e-04,5.011e-04,-2.561e-03,0
659,1.692e-04,4.998e-04,-2.639e-03,0
660,1.735e-04,4.972e-04,-2.706e-03,0
661,1.772e-04,4.933e-04,-2.764e-03,0
662,1.805e-04,4.881e-04,-2.812e-03,0
663,1.832e-04,4.817e-04,-2.850e-03,0
664,1.854e-04,4.743e-04,-2.878e-03,0
665,1.870e-04,4.660e-04,-2.898e-03,0
666,1.882e-04,4.567e-04,-2.908e-03,0
667,1.907e-04,4.467e-04,-2.911e-03,0
668,1.945e-04,4.361e-04,-2.906e-03,0
669,1.982e-04,4.250e-04,-2.894e-03,0
670,2.015e-04,4.134e-04,-2.876e-03,0
671,2.047e-04,4.014e-04,-2.852e-03,0
672,2.075e-04,3.893e-04,-2.823e-03,0
673,2.101e-04,3.770e-04,-2.788e-03,0
674,2.123e-04,3.646e-04,-2.750e-03,0
675,2.143e-04,3.521e-04,-2.708e-03,0
676,2.159e-04,3.398e-04,-2.662e-03,0
677,2.171e-04,3.275e-04,-2.614e-03,0
678,2.180e-04,3.153e-04,-2.562e-03,0
679,2.186e-04,3.032e-04,-2.508e-03,0
680,2.189e-04,2.913e-04,-2.451e-03,0
681,2.188e-04,2.795e-04,-2.392e-03,0
682,2.184e-04,2.678e-04,-2.331e-03,0
683,2.177e-04,2.562e-04,-2.267e-03,0
684,2.166e-04,2.447e-04,-2.201e-03,0
685,2.153e-04,2.333e-04,-2.133e-03,0
686,2.138e-04,2.219e-04,-2.063e-03,0
687,2.119e-04,2.106e-04,-1.990e-03,0
688,2.098e-04,1.992e-04,-1.915e-03,0
689,2.075e-04,1.878e-04,-1.837e-03,0
690,2.049e-04,1.764e-04,-1.757e-03,0
691,2.021e-04,1.650e-04,-1.675e-03,0
692,1.992e-04,1.567e-04,-1.590e-03,0
693,1.960e-04,1.575e-04,-1.503e-03,0
694,1.926e-04,1.593e-04,-1.414e-03,0
695,1.890e-04,1.608e-04,-1.322e-03,0
696,1.853e-04,1.619e-04,-1.229e-03,0
697,1.814e-04,1.626e-04,-1.134e-03,0
698,1.773e-04,1.630e-04,-1.037e-03,0
699,1.731e-04,1.631e-04,-9.398e-04,0
700,1.687e-04,1.629e-04,-8.412e-04,1
701,1.642e-04,1.625e-04,-7.421e-04,0
702,1.595e-04,1.619e-04,-6.428e-04,0
703,1.547e-04,1.645e-04,-5.437e-04,0
704,1.498e-04,1.682e-04,-4.450e-04,0
705,1.447e-04,1.718e-04,-3.472e-04,0
706,1.396e-04,1.751e-04,-2.506e-04,0
707,1.343e-04,1.783e-04,-1.555e-04,0
708,1.289e-04,1.813e-04,-6.227e-05,0
709,1.270e-04,1.841e-04,2.878e-05,0
710,1.274e-04,1.867e-04,1.174e-04,0
711,1.277e-04,1.892e-04,2.034e-04,0
712,1.279e-04,1.914e-04,2.865e-04,0
713,1.279e-04,1.935e-04,3.667e-04,0
714,1.278e-04,1.953e-04,4.437e-04,0
715,1.275e-04,1.996e-04,5.175e-04,0
716,1.270e-04,2.079e-04,5.880e-04,0
717,1.262e-04,2.156e-04,6.554e-04,0
718,1.253e-04,2.227e-04,7.195e-04,0
719,1.242e-04,2.292e-04,7.805e-04,0
720,1.228e-04,2.351e-04,8.385e-04,0
721,1.212e-04,2.405e-04,8.937e-04,0
722,1.195e-04,2.453e-04,9.460e-04,0
723,1.175e-04,2.496e-04,9.959e-04,0
724,1.154e-04,2.534e-04,1.043e-03,0
725,1.131e-04,2.567e-04,1.088e-03,0
726,1.106e-04,2.596e-04,1.132e-03,0
727,1.081e-04,2.620e-04,1.173e-03,0
728,1.054e-04,2.640e-04,1.212e-03,0
729,1.026e-04,2.657e-04,1.250e-03,0
730,9.984e-05,2.669e-04,1.287e-03,0
731,9.699e-05,2.679e-04,1.322e-03,0
732,9.413e-05,2.684e-04,1.356e-03,0
733,9.126e-05,2.687e-04,1.389e-03,0
734,8.841e-05,2.686e-04,1.421e-03,0
735,8.558e-05,2.682e-04,1.451e-03,0
736,8.279e-05,2.674e-04,1.481e-03,0
737,8.004e-05,2.664e-04,1.509e-03,0
738,7.735e-05,2.650e-04,1.536e-03,0
739,7.471e-05,2.633e-04,1.562e-03,0
740,7.212e-05,2.613e-04,1.586e-03,0
741,6.958e-05,2.590e-04,1.609e-03,0
742,6.812e-05,2.563e-04,1.631e-03,0
743,7.035e-05,2.533e-04,1.650e-03,0
744,7.249e-05,2.500e-04,1.668e-03,0
745,7.454e-05,2.464e-04,1.685e-03,0
746,7.649e-05,2.424e-04,1.699e-03,0
747,7.835e-05,2.382e-04,1.711e-03,0
748,8.011e-05,2.337e-04,1.721e-03,0
749,8.179e-05,2.288e-04,1.729e-03,0
750,8.491e-05,2.238e-04,1.734e-03,1
751,8.790e-05,2.184e-04,1.738e-03,0
752,9.074e-05,2.129e-04,1.739e-03,0
753,9.342e-05,2.071e-04,1.737e-03,0
754,9.594e-05,2.012e-04,1.734e-03,0
755,9.830e-05,1.951e-04,1.728e-03,0
756,1.005e-04,1.888e-04,1.720e-03,0
757,1.026e-04,1.825e-04,1.710e-03,0
758,1.044e-04,1.761e-04,1.698e-03,0
759,1.062e-04,1.696e-04,1.684e-03,0
760,1.078e-04,1.630e-04,1.669e-03,0
761,1.092e-04,1.565e-04,1.651e-03,0
762,1.105e-04,1.499e-04,1.632e-03,0
763,1.116e-04,1.433e-04,1.611e-03,0
764,1.126e-04,1.368e-04,1.588e-03,0
765,1.135e-04,1.303e-04,1.564e-03,0
766,1.143e-04,1.238e-04,1.539e-03,0
767,1.149e-04,1.173e-04,1.512e-03,0
768,1.154e-04,1.110e-04,1.484e-03,0
769,1.158e-04,1.053e-04,1.455e-03,0
770,1.163e-04,9.991e-05,1.424e-03,0
771,1.167e-04,9.453e-05,1.393e-03,0
772,1.170e-04,8.919e-05,1.360e-03,0
773,1.171e-04,8.391e-05,1.326e-03,0
774,1.171e-04,7.868e-05,1.291e-03,0
775,1.169e-04,7.349e-05,1.254e-03,0
776,1.165e-04,6.835e-05,1.217e-03,0
777,1.160e-04,6.326e-05,1.178e-03,0
778,1.156e-04,5.821e-05,1.139e-03,0
779,1.152e-04,5.321e-05,1.098e-03,0
780,1.149e-04,4.824e-05,1.056e-03,0
781,1.144e-04,4.332e-05,1.014e-03,0
782,1.139e-04,3.967e-05,9.699e-04,0
783,1.134e-04,3.956e-05,9.253e-04,0
784,1.128e-04,4.124e-05,8.799e-04,0
785,1.122e-04,4.284e-05,8.338e-04,0
786,1.116e-04,4.753e-05,7.870e-04,0
787,1.108e-04,5.330e-05,7.397e-04,0
788,1.101e-04,5.889e-05,6.919e-04,0
789,1.092e-04,6.428e-05,6.439e-04,0
790,1.083e-04,6.946e-05,5.957e-04,0
791,1.074e-04,7.441e-05,5.476e-04,0
792,1.063e-04,7.914e-05,4.995e-04,0
793,1.052e-04,8.363e-05,4.517e-04,0
794,1.040e-04,8.788e-05,4.044e-04,0
795,1.027e-04,9.188e-05,3.576e-04,0
796,1.013e-04,9.563e-05,3.115e-04,0
797,9.988e-05,9.912e-05,2.663e-04,0
798,9.830e-05,1.024e-04,2.221e-04,0
799,9.662e-05,1.053e-04,1.789e-04,0
800,9.483e-05,1.081e-04,1.369e-04,1
801,9.294e-05,1.106e-04,9.627e-05,0
802,9.093e-05,1.128e-04,5.695e-05,0
803,8.880e-05,1.148e-04,1.907e-05,0
804,8.656e-05,1.166e-04,-1.734e-05,0
805,8.420e-05,1.181e-04,-5.225e-05,0
806,8.173e-05,1.194e-04,-8.563e-05,0
807,7.915e-05,1.206e-04,-1.175e-04,0
808,7.645e-05,1.215e-04,-1.478e-04,0
809,7.364e-05,1.222e-04,-1.766e-04,0
810,7.072e-05,1.228e-04,-2.040e-04,0
811,6.770e-05,1.232e-04,-2.299e-04,0
812,6.458e-05,1.235e-04,-2.545e-04,0
813,6.136e-05,1.236e-04,-2.778e-04,0
814,5.805e-05,1.236e-04,-2.998e-04,0
815,5.466e-05,1.235e-04,-3.207e-04,0
816,5.118e-05,1.233e-04,-3.405e-04,0
817,4.763e-05,1.230e-04,-3.592e-04,0
818,4.401e-05,1.226e-04,-3.770e-04,0
819,4.033e-05,1.221e-04,-3.939e-04,0
820,3.660e-05,1.215e-04,-4.100e-04,0
821,3.282e-05,1.209e-04,-4.253e-04,0
822,2.899e-05,1.202e-04,-4.400e-04,0
823,2.514e-05,1.195e-04,-4.540e-04,0
824,2.126e-05,1.190e-04,-4.674e-04,0
825,1.911e-05,1.194e-04,-4.804e-04,0
826,2.006e-05,1.196e-04,-4.928e-04,0
827,2.095e-05,1.196e-04,-5.048e-04,0
828,2.175e-05,1.193e-04,-5.163e-04,0
829,2.248e-05,1.189e-04,-5.275e-04,0
830,2.313e-05,1.183e-04,-5.383e-04,0
831,2.370e-05,1.176e-04,-5.487e-04,0
832,2.419e-05,1.166e-04,-5.588e-04,0
833,2.460e-05,1.155e-04,-5.687e-04,0
834,2.492e-05,1.143e-04,-5.782e-04,0
835,2.515e-05,1.129e-04,-5.874e-04,0
836,2.530e-05,1.122e-04,-5.963e-04,0
837,2.810e-05,1.121e-04,-6.050e-04,0
838,3.157e-05,1.118e-04,-6.135e-04,0
839,3.496e-05,1.114e-04,-6.217e-04,0
840,3.827e-05,1.109e-04,-6.297e-04,0
841,4.149e-05,1.103e-04,-6.375e-04,0
842,4.462e-05,1.095e-04,-6.451e-04,0
843,4.765e-05,1.085e-04,-6.526e-04,0
844,5.058e-05,1.075e-04,-6.598e-04,0
845,5.340e-05,1.062e-04,-6.670e-04,0
846,5.612e-05,1.049e-04,-6.740e-04,0
847,5.872e-05,1.033e-04,-6.809e-04,0
848,6.121e-05,1.017e-04,-6.877e-04,0
849,6.359e-05,9.988e-05,-6.944e-04,0
850,6.585e-05,9.793e-05,-7.010e-04,1
851,6.799e-05,9.583e-05,-7.076e-04,0
852,7.001e-05,9.360e-05,-7.141e-04,0
853,7.190e-05,9.123e-05,-7.205e-04,0
854,7.368e-05,8.873e-05,-7.268e-04,0
855,7.533e-05,8.610e-05,-7.330e-04,0
856,7.687e-05,8.335e-05,-7.391e-04,0
857,7.828e-05,8.048e-05,-7.452e-04,0
858,7.956e-05,7.750e-05,-7.510e-04,0
859,8.073e-05,7.441e-05,-7.567e-04,0
860,8.178e-05,7.123e-05,-7.623e-04,0
861,8.271e-05,6.795e-05,-7.676e-04,0
862,8.352e-05,6.478e-05,-7.726e-04,0
863,8.421e-05,6.254e-05,-7.773e-04,0
864,8.479e-05,6.027e-05,-7.817e-04,0
865,8.526e-05,5.795e-05,-7.857e-04,0
866,8.561e-05,5.559e-05,-7.893e-04,0
867,8.585e-05,5.320e-05,-7.924e-04,0
868,8.599e-05,5.077e-05,-7.950e-04,0
869,8.601e-05,4.831e-05,-7.970e-04,0
870,8.593e-05,4.582e-05,-7.985e-04,0
871,8.574e-05,4.330e-05,-7.992e-04,0
872,8.545e-05,4.076e-05,-7.994e-04,0
873,8.506e-05,3.819e-05,-7.988e-04,0
874,8.457e-05,3.561e-05,-7.974e-04,0
875,8.398e-05,3.302e-05,-7.953e-04,0
876,8.329e-05,3.041e-05,-7.924e-04,0
877,8.251e-05,3.121e-05,-7.886e-04,0
878,8.163e-05,3.249e-05,-7.840e-04,0
879,8.066e-05,3.373e-05,-7.785e-04,0
880,7.959e-05,3.491e-05,-7.722e-04,0
881,7.844e-05,3.604e-05,-7.650e-04,0
882,7.720e-05,3.712e-05,-7.569e-04,0
883,7.587e-05,3.815e-05,-7.479e-04,0
884,7.446e-05,3.912e-05,-7.381e-04,0
885,7.296e-05,4.004e-05,-7.273e-04,0
886,7.139e-05,4.091e-05,-7.157e-04,0
887,6.973e-05,4.173e-05,-7.033e-04,0
888,6.800e-05,4.249e-05,-6.900e-04,0
889,6.620e-05,4.320e-05,-6.758e-04,0
890,6.433e-05,4.386e-05,-6.609e-04,0
891,6.238e-05,4.447e-05,-6.451e-04,0
892,6.037e-05,4.586e-05,-6.286e-04,0
893,5.830e-05,4.743e-05,-6.112e-04,0
894,5.617e-05,4.912e-05,-5.932e-04,0
895,5.399e-05,5.110e-05,-5.744e-04,0
896,5.175e-05,5.299e-05,-5.549e-04,0
897,4.947e-05,5.477e-05,-5.347e-04,0
898,4.714e-05,5.645e-05,-5.139e-04,0
899,4.477e-05,5.803e-05,-4.924e-04,0
900,4.236e-05,5.950e-05,-4.703e-04,1
901,4.019e-05,6.087e-05,-4.477e-04,0
902,3.855e-05,6.213e-05,-4.245e-04,0
903,3.689e-05,6.328e-05,-4.007e-04,0
904,3.522e-05,6.433e-05,-3.765e-04,0
905,3.352e-05,6.526e-05,-3.518e-04,0
906,3.181e-05,6.609e-05,-3.267e-04,0
907,3.009e-05,6.681e-05,-3.011e-04,0
908,2.837e-05,6.742e-05,-2.753e-04,0
909,2.663e-05,6.792e-05,-2.491e-04,0
910,2.489e-05,6.832e-05,-2.226e-04,0
911,2.484e-05,6.860e-05,-1.959e-04,0
912,2.564e-05,6.878e-05,-1.690e-04,0
913,2.643e-05,6.885e-05,-1.419e-04,0
914,2.718e-05,6.882e-05,-1.148e-04,0
915,2.792e-05,6.868e-05,-8.761e-05,0
916,2.862e-05,6.843e-05,-6.041e-05,0
917,2.930e-05,6.809e-05,-3.325e-05,0
918,2.995e-05,6.764e-05,-6.196e-06,0
919,3.058e-05,6.712e-05,2.072e-05,0
920,3.117e-05,6.694e-05,4.743e-05,0
921,3.173e-05,6.667e-05,7.390e-05,0
922,3.226e-05,6.630e-05,1.001e-04,0
923,3.276e-05,6.583e-05,1.259e-04,0
924,3.323e-05,6.527e-05,1.514e-04,0
925,3.367e-05,6.461e-05,1.764e-04,0
926,3.407e-05,6.385e-05,2.010e-04,0
927,3.444e-05,6.300e-05,2.250e-04,0
928,3.478e-05,6.205e-05,2.485e-04,0
929,3.509e-05,6.102e-05,2.714e-04,0
930,3.536e-05,5.990e-05,2.936e-04,0
931,3.560e-05,5.870e-05,3.153e-04,0
932,3.581e-05,5.849e-05,3.362e-04,0
933,3.598e-05,5.842e-05,3.564e-04,0
934,3.612e-05,5.828e-05,3.759e-04,0
935,3.623e-05,5.809e-05,3.947e-04,0
936,3.701e-05,5.784e-05,4.127e-04,0
937,3.831e-05,5.753e-05,4.299e-04,0
938,3.953e-05,5.716e-05,4.463e-04,0
939,4.068e-05,5.674e-05,4.618e-04,0
940,4.175e-05,5.627e-05,4.766e-04,0
941,4.275e-05,5.575e-05,4.905e-04,0
942,4.367e-05,5.517e-05,5.036e-04,0
943,4.451e-05,5.454e-05,5.158e-04,0
944,4.528e-05,5.387e-05,5.272e-04,0
945,4.596e-05,5.316e-05,5.378e-04,0
946,4.657e-05,5.240e-05,5.475e-04,0
947,4.710e-05,5.159e-05,5.563e-04,0
948,4.756e-05,5.075e-05,5.643e-04,0
949,4.793e-05,4.986e-05,5.715e-04,0
950,4.823e-05,4.894e-05,5.778e-04,1
951,4.845e-05,4.798e-05,5.833e-04,0
952,4.859e-05,4.699e-05,5.879e-04,0
953,4.866e-05,4.596e-05,5.917e-04,0
954,4.866e-05,4.490e-05,5.947e-04,0
955,4.858e-05,4.381e-05,5.968e-04,0
956,4.842e-05,4.269e-05,5.982e-04,0
957,4.819e-05,4.154e-05,5.987e-04,0
958,4.790e-05,4.037e-05,5.985e-04,0
959,4.753e-05,3.917e-05,5.974e-04,0
960,4.709e-05,3.794e-05,5.956e-04,0
961,4.659e-05,3.669e-05,5.930e-04,0
962,4.602e-05,3.716e-05,5.897e-04,0
963,4.539e-05,3.762e-05,5.856e-04,0
964,4.469e-05,3.802e-05,5.808e-04,0
965,4.394e-05,3.836e-05,5.753e-04,0
966,4.312e-05,3.863e-05,5.690e-04,0
967,4.225e-05,3.885e-05,5.621e-04,0
968,4.133e-05,3.900e-05,5.546e-04,0
969,4.036e-05,3.909e-05,5.463e-04,0
970,3.933e-05,3.912e-05,5.375e-04,0
971,3.826e-05,3.909e-05,5.280e-04,0
972,3.715e-05,3.900e-05,5.180e-04,0
973,3.599e-05,3.886e-05,5.074e-04,0
974,3.479e-05,3.866e-05,4.962e-04,0
975,3.356e-05,3.840e-05,4.846e-04,0
976,3.230e-05,3.808e-05,4.724e-04,0
977,3.101e-05,3.868e-05,4.598e-04,0
978,2.969e-05,3.970e-05,4.467e-04,0
979,2.834e-05,4.067e-05,4.332e-04,0
980,2.697e-05,4.159e-05,4.192e-04,0
981,2.559e-05,4.246e-05,4.049e-04,0
982,2.419e-05,4.328e-05,3.903e-04,0
983,2.278e-05,4.404e-05,3.753e-04,0
984,2.192e-05,4.476e-05,3.600e-04,0
985,2.111e-05,4.542e-05,3.445e-04,0
986,2.062e-05,4.603e-05,3.287e-04,0
987,2.096e-05,4.658e-05,3.127e-04,0
988,2.125e-05,4.708e-05,2.965e-04,0
989,2.149e-05,4.753e-05,2.801e-04,0
990,2.170e-05,4.792e-05,2.635e-04,0
991,2.186e-05,4.826e-05,2.469e-04,0
992,2.197e-05,4.854e-05,2.301e-04,0
993,2.205e-05,4.877e-05,2.133e-04,0
994,2.208e-05,4.895e-05,1.965e-04,0
995,2.207e-05,4.906e-05,1.796e-04,0
996,2.202e-05,4.913e-05,1.627e-04,0
997,2.193e-05,4.914e-05,1.459e-04,0
998,2.181e-05,4.910e-05,1.292e-04,0
999,2.164e-05,4.900e-05,1.125e-04,0
1000,2.144e-05,4.885e-05,9.602e-05,1
1001,2.120e-05,4.865e-05,7.965e-05,0
1002,2.092e-05,4.840e-05,6.346e-05,0
1003,2.061e-05,4.809e-05,4.747e-05,0
1004,2.034e-05,4.774e-05,3.170e-05,0
1005,2.046e-05,4.733e-05,1.620e-05,0
1006,2.053e-05,4.687e-05,9.731e-07,0
1007,2.057e-05,4.637e-05,-1.395e-05,0
1008,2.057e-05,4.582e-05,-2.853e-05,0
1009,2.054e-05,4.523e-05,-4.277e-05,0
1010,2.048e-05,4.458e-05,-5.663e-05,0
1011,2.038e-05,4.422e-05,-7.008e-05,0
1012,2.069e-05,4.428e-05,-8.312e-05,0
1013,2.138e-05,4.428e-05,-9.572e-05,0
1014,2.205e-05,4.423e-05,-1.079e-04,0
1015,2.269e-05,4.412e-05,-1.195e-04,0
1016,2.331e-05,4.396e-05,-1.307e-04,0
1017,2.390e-05,4.375e-05,-1.413e-04,0
1018,2.447e-05,4.348e-05,-1.515e-04,0
1019,2.501e-05,4.315e-05,-1.611e-04,0
1020,2.552e-05,4.277e-05,-1.702e-04,0
1021,2.601e-05,4.234e-05,-1.787e-04,0
1022,2.647e-05,4.185e-05,-1.866e-04,0
1023,2.691e-05,4.131e-05,-1.940e-04,0
1024,2.731e-05,4.072e-05,-2.008e-04,0
1025,2.769e-05,4.007e-05,-2.071e-04,0
1026,2.804e-05,3.937e-05,-2.127e-04,0
1027,2.837e-05,3.862e-05,-2.178e-04,0
1028,2.866e-05,3.782e-05,-2.224e-04,0
1029,2.893e-05,3.697e-05,-2.263e-04,0
1030,2.917e-05,3.607e-05,-2.297e-04,0
1031,2.938e-05,3.512e-05,-2.326e-04,0
1032,2.956e-05,3.413e-05,-2.349e-04,0
1033,2.971e-05,3.308e-05,-2.366e-04,0
1034,2.984e-05,3.200e-05,-2.379e-04,0
1035,2.994e-05,3.087e-05,-2.386e-04,0
1036,3.001e-05,2.969e-05,-2.388e-04,0
1037,3.005e-05,2.848e-05,-2.385e-04,0
1038,3.007e-05,2.723e-05,-2.377e-04,0
1039,3.006e-05,2.594e-05,-2.364e-04,0
1040,3.002e-05,2.461e-05,-2.347e-04,0
1041,2.996e-05,2.325e-05,-2.326e-04,0
1042,2.987e-05,2.186e-05,-2.301e-04,0
1043,2.976e-05,2.090e-05,-2.271e-04,0
1044,2.962e-05,1.993e-05,-2.238e-04,0
1045,2.946e-05,1.893e-05,-2.200e-04,0
1046,2.927e-05,1.790e-05,-2.160e-04,0
1047,2.906e-05,1.684e-05,-2.116e-04,0
1048,2.883e-05,1.576e-05,-2.069e-04,0
1049,2.857e-05,1.465e-05,-2.019e-04,0
1050,2.829e-05,1.352e-05,-1.966e-04,1
1051,2.799e-05,1.237e-05,-1.911e-04,0
1052,2.767e-05,1.120e-05,-1.854e-04,0
1053,2.733e-05,1.002e-05,-1.794e-04,0
1054,2.697e-05,8.827e-06,-1.733e-04,0
1055,2.659e-05,7.659e-06,-1.670e-04,0
1056,2.620e-05,7.485e-06,-1.605e-04,0
1057,2.578e-05,8.535e-06,-1.539e-04,0
1058,2.535e-05,9.563e-06,-1.472e-04,0
1059,2.490e-05,1.057e-05,-1.404e-04,0
1060,2.443e-05,1.155e-05,-1.335e-04,0
1061,2.395e-05,1.251e-05,-1.266e-04,0
1062,2.345e-05,1.344e-05,-1.196e-04,0
1063,2.294e-05,1.434e-05,-1.126e-04,0
1064,2.241e-05,1.523e-05,-1.057e-04,0
1065,2.187e-05,1.608e-05,-9.872e-05,0
1066,2.131e-05,1.691e-05,-9.180e-05,0
1067,2.075e-05,1.771e-05,-8.493e-05,0
1068,2.017e-05,1.848e-05,-7.813e-05,0
1069,1.958e-05,1.931e-05,-7.141e-05,0
1070,1.898e-05,2.019e-05,-6.479e-05,0
1071,1.837e-05,2.102e-05,-5.828e-05,0
1072,1.775e-05,2.182e-05,-5.189e-05,0
1073,1.712e-05,2.292e-05,-4.564e-05,0
1074,1.648e-05,2.398e-05,-3.953e-05,0
1075,1.583e-05,2.499e-05,-3.359e-05,0
1076,1.518e-05,2.596e-05,-2.781e-05,0
1077,1.451e-05,2.688e-05,-2.221e-05,0
1078,1.385e-05,2.775e-05,-1.679e-05,0
1079,1.317e-05,2.857e-05,-1.157e-05,0
1080,1.250e-05,2.935e-05,-6.540e-06,0
1081,1.181e-05,3.007e-05,-1.719e-06,0
1082,1.113e-05,3.074e-05,2.892e-06,0
1083,1.044e-05,3.137e-05,7.288e-06,0
1084,9.749e-06,3.194e-05,1.147e-05,0
1085,9.056e-06,3.247e-05,1.542e-05,0
1086,8.362e-06,3.294e-05,1.916e-05,0
1087,7.668e-06,3.336e-05,2.267e-05,0
1088,6.974e-06,3.374e-05,2.595e-05,0
1089,6.281e-06,3.406e-05,2.901e-05,0
1090,5.589e-06,3.434e-05,3.184e-05,0
1091,4.900e-06,3.456e-05,3.445e-05,0
1092,4.213e-06,3.474e-05,3.683e-05,0
1093,4.030e-06,3.487e-05,3.900e-05,0
1094,4.072e-06,3.495e-05,4.094e-05,0
1095,4.295e-06,3.498e-05,4.268e-05,0
1096,4.504e-06,3.497e-05,4.420e-05,0
1097,4.697e-06,3.491e-05,4.551e-05,0
1098,4.876e-06,3.480e-05,4.662e-05,0
1099,5.038e-06,3.465e-05,4.754e-05,0
1100,5.184e-06,3.446e-05,4.826e-05,1
1101,5.313e-06,3.422e-05,4.879e-05,0
1102,5.425e-06,3.394e-05,4.915e-05,0
1103,5.520e-06,3.362e-05,4.933e-05,0
1104,5.597e-06,3.327e-05,4.935e-05,0
1105,5.657e-06,3.287e-05,4.920e-05,0
1106,5.699e-06,3.243e-05,4.891e-05,0
1107,5.724e-06,3.196e-05,4.847e-05,0
1108,5.940e-06,3.144e-05,4.788e-05,0
1109,6.497e-06,3.090e-05,4.717e-05,0
1110,7.041e-06,3.032e-05,4.634e-05,0
1111,7.574e-06,2.971e-05,4.539e-05,0
1112,8.094e-06,2.907e-05,4.434e-05,0
1113,8.601e-06,2.840e-05,4.319e-05,0
1114,9.095e-06,2.770e-05,4.195e-05,0
1115,9.575e-06,2.697e-05,4.062e-05,0
1116,1.004e-05,2.621e-05,3.922e-05,0
1117,1.049e-05,2.544e-05,3.776e-05,0
1118,1.093e-05,2.464e-05,3.623e-05,0
1119,1.136e-05,2.382e-05,3.465e-05,0
1120,1.176e-05,2.297e-05,3.303e-05,0
1121,1.216e-05,2.211e-05,3.138e-05,0
1122,1.254e-05,2.124e-05,2.969e-05,0
1123,1.290e-05,2.035e-05,2.798e-05,0
1124,1.324e-05,1.944e-05,2.625e-05,0
1125,1.358e-05,1.853e-05,2.451e-05,0
1126,1.389e-05,1.760e-05,2.276e-05,0
1127,1.419e-05,1.666e-05,2.102e-05,0
1128,1.447e-05,1.609e-05,1.928e-05,0
1129,1.474e-05,1.560e-05,1.756e-05,0
1130,1.499e-05,1.511e-05,1.585e-05,0
1131,1.522e-05,1.459e-05,1.416e-05,0
1132,1.544e-05,1.407e-05,1.249e-05,0
1133,1.564e-05,1.353e-05,1.086e-05,0
1134,1.583e-05,1.298e-05,9.250e-06,0
1135,1.599e-05,1.242e-05,7.678e-06,0
1136,1.614e-05,1.185e-05,6.145e-06,0
1137,1.628e-05,1.132e-05,4.651e-06,0
1138,1.640e-05,1.131e-05,3.199e-06,0
1139,1.650e-05,1.127e-05,1.792e-06,0
1140,1.659e-05,1.121e-05,4.307e-07,0
1141,1.666e-05,1.113e-05,-8.831e-07,0
1142,1.671e-05,1.104e-05,-2.148e-06,0
1143,1.675e-05,1.093e-05,-3.364e-06,0
1144,1.677e-05,1.079e-05,-4.529e-06,0
1145,1.678e-05,1.064e-05,-5.643e-06,0
1146,1.677e-05,1.047e-05,-6.706e-06,0
1147,1.675e-05,1.028e-05,-7.717e-06,0
1148,1.671e-05,1.008e-05,-8.677e-06,0
1149,1.665e-05,1.030e-05,-9.586e-06,0
1150,1.659e-05,1.069e-05,-1.044e-05,1
1151,1.650e-05,1.105e-05,-1.125e-05,0
1152,1.641e-05,1.139e-05,-1.201e-05,0
1153,1.630e-05,1.169e-05,-1.272e-05,0
1154,1.617e-05,1.198e-05,-1.338e-05,0
1155,1.604e-05,1.223e-05,-1.399e-05,0
1156,1.589e-05,1.246e-05,-1.456e-05,0
1157,1.572e-05,1.267e-05,-1.508e-05,0
1158,1.555e-05,1.284e-05,-1.556e-05,0
1159,1.536e-05,1.300e-05,-1.600e-05,0
1160,1.516e-05,1.312e-05,-1.640e-05,0
1161,1.495e-05,1.323e-05,-1.675e-05,0
1162,1.473e-05,1.330e-05,-1.707e-05,0
1163,1.450e-05,1.336e-05,-1.736e-05,0
1164,1.426e-05,1.339e-05,-1.761e-05,0
1165,1.400e-05,1.340e-05,-1.783e-05,0
1166,1.374e-05,1.338e-05,-1.802e-05,0
1167,1.347e-05,1.335e-05,-1.819e-05,0
1168,1.319e-05,1.329e-05,-1.833e-05,0
1169,1.290e-05,1.321e-05,-1.844e-05,0
1170,1.261e-05,1.312e-05,-1.853e-05,0
1171,1.231e-05,1.300e-05,-1.861e-05,0
1172,1.200e-05,1.308e-05,-1.866e-05,0
1173,1.168e-05,1.324e-05,-1.870e-05,0
1174,1.136e-05,1.337e-05,-1.873e-05,0
1175,1.103e-05,1.349e-05,-1.875e-05,0
1176,1.070e-05,1.358e-05,-1.875e-05,0
1177,1.036e-05,1.366e-05,-1.876e-05,0
1178,1.002e-05,1.372e-05,-1.875e-05,0
1179,9.678e-06,1.376e-05,-1.875e-05,0
1180,9.330e-06,1.379e-05,-1.874e-05,0
1181,8.978e-06,1.379e-05,-1.873e-05,0
1182,8.624e-06,1.379e-05,-1.873e-05,0
1183,8.268e-06,1.376e-05,-1.873e-05,0
1184,7.910e-06,1.373e-05,-1.874e-05,0
1185,7.551e-06,1.368e-05,-1.876e-05,0
1186,7.206e-06,1.361e-05,-1.879e-05,0
1187,6.903e-06,1.354e-05,-1.882e-05,0
1188,6.593e-06,1.350e-05,-1.888e-05,0
1189,6.278e-06,1.362e-05,-1.894e-05,0
1190,5.957e-06,1.372e-05,-1.902e-05,0
1191,5.630e-06,1.379e-05,-1.911e-05,0
1192,5.300e-06,1.385e-05,-1.922e-05,0
1193,4.966e-06,1.389e-05,-1.935e-05,0
1194,4.716e-06,1.391e-05,-1.950e-05,0
1195,4.624e-06,1.392e-05,-1.967e-05,0
1196,4.764e-06,1.390e-05,-1.985e-05,0
1197,4.900e-06,1.387e-05,-2.005e-05,0
1198,5.030e-06,1.381e-05,-2.028e-05,0
1199,5.155e-06,1.374e-05,-2.052e-05,0
1200,5.275e-06,1.366e-05,-2.078e-05,1
1201,5.389e-06,1.355e-05,-2.106e-05,0
1202,5.496e-06,1.343e-05,-2.135e-05,0
1203,5.598e-06,1.330e-05,-2.166e-05,0
1204,5.762e-06,1.314e-05,-2.199e-05,0
1205,6.074e-06,1.298e-05,-2.234e-05,0
1206,6.376e-06,1.279e-05,-2.270e-05,0
1207,6.669e-06,1.260e-05,-2.307e-05,0
1208,6.951e-06,1.239e-05,-2.345e-05,0
1209,7.221e-06,1.216e-05,-2.384e-05,0
1210,7.481e-06,1.198e-05,-2.424e-05,0
1211,7.728e-06,1.186e-05,-2.464e-05,0
1212,7.963e-06,1.172e-05,-2.505e-05,0
1213,8.185e-06,1.158e-05,-2.546e-05,0
1214,8.393e-06,1.142e-05,-2.587e-05,0
1215,8.588e-06,1.126e-05,-2.627e-05,0
1216,8.769e-06,1.108e-05,-2.667e-05,0
1217,8.936e-06,1.090e-05,-2.706e-05,0
1218,9.088e-06,1.070e-05,-2.744e-05,0
1219,9.225e-06,1.050e-05,-2.781e-05,0
1220,9.348e-06,1.029e-05,-2.816e-05,0
1221,9.455e-06,1.007e-05,-2.849e-05,0
1222,9.547e-06,9.846e-06,-2.879e-05,0
1223,9.623e-06,9.613e-06,-2.908e-05,0
1224,9.684e-06,9.372e-06,-2.933e-05,0
1225,9.729e-06,9.125e-06,-2.955e-05,0
1226,9.759e-06,8.872e-06,-2.974e-05,0
1227,9.773e-06,8.613e-06,-2.990e-05,0
1228,9.771e-06,8.348e-06,-3.001e-05,0
1229,9.754e-06,8.097e-06,-3.008e-05,0
1230,9.722e-06,8.048e-06,-3.011e-05,0
1231,9.674e-06,7.995e-06,-3.009e-05,0
1232,9.612e-06,7.936e-06,-3.002e-05,0
1233,9.534e-06,7.872e-06,-2.990e-05,0
1234,9.442e-06,7.802e-06,-2.972e-05,0
1235,9.336e-06,7.728e-06,-2.948e-05,0
1236,9.216e-06,7.647e-06,-2.919e-05,0
1237,9.081e-06,7.562e-06,-2.884e-05,0
1238,8.934e-06,7.470e-06,-2.842e-05,0
1239,8.773e-06,7.373e-06,-2.794e-05,0
1240,8.600e-06,7.270e-06,-2.740e-05,0
1241,8.414e-06,7.162e-06,-2.679e-05,0
1242,8.217e-06,7.047e-06,-2.611e-05,0
1243,8.008e-06,6.927e-06,-2.537e-05,0
1244,7.788e-06,6.852e-06,-2.455e-05,0
1245,7.557e-06,7.009e-06,-2.367e-05,0
1246,7.316e-06,7.238e-06,-2.272e-05,0
1247,7.066e-06,7.455e-06,-2.170e-05,0
1248,6.807e-06,7.658e-06,-2.061e-05,0
1249,6.539e-06,7.848e-06,-1.945e-05,0
1250,6.264e-06,8.025e-06,-1.822e-05,1
1251,5.981e-06,8.188e-06,-1.693e-05,0
1252,5.950e-06,8.337e-06,-1.557e-05,0
1253,5.922e-06,8.471e-06,-1.415e-05,0
1254,5.889e-06,8.592e-06,-1.266e-05,0
1255,5.851e-06,8.697e-06,-1.111e-05,0
1256,5.807e-06,8.850e-06,-9.505e-06,0
1257,5.759e-06,8.996e-06,-7.841e-06,0
1258,5.707e-06,9.127e-06,-6.121e-06,0
1259,5.650e-06,9.242e-06,-4.349e-06,0
1260,5.589e-06,9.342e-06,-2.526e-06,0
1261,5.524e-06,9.426e-06,-6.568e-07,0
1262,5.456e-06,9.494e-06,1.257e-06,0
1263,5.384e-06,9.547e-06,3.212e-06,0
1264,5.308e-06,9.584e-06,5.205e-06,0
1265,5.230e-06,9.605e-06,7.232e-06,0
1266,5.148e-06,9.612e-06,9.290e-06,0
1267,5.064e-06,9.603e-06,1.138e-05,0
1268,4.977e-06,9.579e-06,1.348e-05,0
1269,4.888e-06,9.540e-06,1.561e-05,0
1270,4.796e-06,9.487e-06,1.776e-05,0
1271,4.703e-06,9.419e-06,1.991e-05,0
1272,4.608e-06,9.338e-06,2.207e-05,0
1273,4.511e-06,9.242e-06,2.424e-05,0
1274,4.413e-06,9.134e-06,2.640e-05,0
1275,4.313e-06,9.013e-06,2.856e-05,0
1276,4.212e-06,8.879e-06,3.071e-05,0
1277,4.110e-06,8.733e-06,3.284e-05,0
1278,4.008e-06,8.575e-06,3.496e-05,0
1279,3.904e-06,8.407e-06,3.705e-05,0
1280,3.801e-06,8.227e-06,3.912e-05,0
1281,3.742e-06,8.038e-06,4.115e-05,0
1282,3.876e-06,7.838e-06,4.315e-05,0
1283,4.003e-06,7.630e-06,4.510e-05,0
1284,4.125e-06,7.412e-06,4.702e-05,0
1285,4.240e-06,7.216e-06,4.888e-05,0
1286,4.361e-06,7.144e-06,5.069e-05,0
1287,4.561e-06,7.072e-06,5.244e-05,0
1288,4.751e-06,6.992e-06,5.414e-05,0
1289,4.931e-06,6.905e-06,5.576e-05,0
1290,5.101e-06,6.810e-06,5.732e-05,0
1291,5.261e-06,6.758e-06,5.881e-05,0
1292,5.410e-06,6.705e-06,6.022e-05,0
1293,5.549e-06,6.645e-06,6.156e-05,0
1294,5.677e-06,6.577e-06,6.281e-05,0
1295,5.794e-06,6.502e-06,6.398e-05,0
1296,5.901e-06,6.419e-06,6.506e-05,0
1297,5.996e-06,6.328e-06,6.605e-05,0
1298,6.081e-06,6.268e-06,6.695e-05,0
1299,6.156e-06,6.273e-06,6.776e-05,0
1300,6.219e-06,6.271e-06,6.847e-05,1
1301,6.273e-06,6.262e-06,6.908e-05,0
1302,6.315e-06,6.245e-06,6.959e-05,0
1303,6.347e-06,6.221e-06,7.000e-05,0
1304,6.369e-06,6.189e-06,7.031e-05,0
1305,6.381e-06,6.148e-06,7.051e-05,0
1306,6.382e-06,6.100e-06,7.061e-05,0
1307,6.374e-06,6.066e-06,7.061e-05,0
1308,6.356e-06,6.041e-06,7.050e-05,0
1309,6.329e-06,6.007e-06,7.029e-05,0
1310,6.292e-06,5.966e-06,6.997e-05,0
1311,6.247e-06,5.917e-06,6.954e-05,0
1312,6.193e-06,5.859e-06,6.902e-05,0
1313,6.130e-06,5.794e-06,6.839e-05,0
1314,6.059e-06,5.720e-06,6.765e-05,0
1315,5.981e-06,5.639e-06,6.682e-05,0
1316,5.894e-06,5.550e-06,6.589e-05,0
1317,5.801e-06,5.454e-06,6.485e-05,0
1318,5.700e-06,5.350e-06,6.373e-05,0
1319,5.593e-06,5.239e-06,6.251e-05,0
1320,5.479e-06,5.121e-06,6.119e-05,0
1321,5.360e-06,4.996e-06,5.979e-05,0
1322,5.234e-06,4.865e-06,5.830e-05,0
1323,5.104e-06,4.727e-06,5.673e-05,0
1324,4.968e-06,4.582e-06,5.507e-05,0
1325,4.828e-06,4.432e-06,5.334e-05,0
1326,4.683e-06,4.276e-06,5.153e-05,0
1327,4.534e-06,4.114e-06,4.965e-05,0
1328,4.382e-06,3.966e-06,4.771e-05,0
1329,4.226e-06,4.101e-06,4.569e-05,0
1330,4.068e-06,4.228e-06,4.362e-05,0
1331,3.907e-06,4.347e-06,4.149e-05,0
1332,3.769e-06,4.458e-06,3.931e-05,0
1333,3.679e-06,4.560e-06,3.708e-05,0
1334,3.585e-06,4.654e-06,3.480e-05,0
1335,3.488e-06,4.739e-06,3.248e-05,0
1336,3.388e-06,4.817e-06,3.013e-05,0
1337,3.285e-06,4.885e-06,2.774e-05,0
1338,3.212e-06,4.946e-06,2.533e-05,0
1339,3.201e-06,4.998e-06,2.289e-05,0
1340,3.184e-06,5.043e-06,2.043e-05,0
1341,3.161e-06,5.079e-06,1.796e-05,0
1342,3.133e-06,5.107e-06,1.548e-05,0
1343,3.099e-06,5.128e-06,1.298e-05,0
1344,3.059e-06,5.246e-06,1.049e-05,0
1345,3.013e-06,5.384e-06,8.000e-06,0
1346,2.962e-06,5.515e-06,5.515e-06,0
1347,2.905e-06,5.637e-06,3.040e-06,0
1348,2.842e-06,5.752e-06,5.789e-07,0
1349,2.775e-06,5.859e-06,-1.864e-06,0
1350,2.702e-06,5.958e-06,-4.284e-06,1
1351,2.624e-06,6.048e-06,-6.678e-06,0
1352,2.542e-06,6.131e-06,-9.042e-06,0
1353,2.454e-06,6.205e-06,-1.137e-05,0
1354,2.363e-06,6.272e-06,-1.367e-05,0
1355,2.266e-06,6.330e-06,-1.592e-05,0
1356,2.166e-06,6.380e-06,-1.813e-05,0
1357,2.062e-06,6.422e-06,-2.029e-05,0
1358,1.954e-06,6.455e-06,-2.240e-05,0
1359,1.843e-06,6.481e-06,-2.446e-05,0
1360,1.728e-06,6.499e-06,-2.646e-05,0
1361,1.610e-06,6.509e-06,-2.840e-05,0
1362,1.492e-06,6.511e-06,-3.028e-05,0
1363,1.415e-06,6.506e-06,-3.210e-05,0
1364,1.348e-06,6.492e-06,-3.385e-05,0
1365,1.278e-06,6.472e-06,-3.553e-05,0
1366,1.243e-06,6.444e-06,-3.714e-05,0
1367,1.334e-06,6.409e-06,-3.868e-05,0
1368,1.421e-06,6.366e-06,-4.015e-05,0
1369,1.503e-06,6.317e-06,-4.154e-05,0
1370,1.581e-06,6.261e-06,-4.285e-05,0
1371,1.655e-06,6.199e-06,-4.409e-05,0
1372,1.724e-06,6.130e-06,-4.524e-05,0
1373,1.790e-06,6.136e-06,-4.632e-05,0
1374,1.851e-06,6.187e-06,-4.732e-05,0
1375,1.908e-06,6.228e-06,-4.823e-05,0
1376,1.961e-06,6.259e-06,-4.906e-05,0
1377,2.010e-06,6.280e-06,-4.982e-05,0
1378,2.055e-06,6.290e-06,-5.049e-05,0
1379,2.097e-06,6.291e-06,-5.107e-05,0
1380,2.134e-06,6.281e-06,-5.158e-05,0
1381,2.168e-06,6.262e-06,-5.201e-05,0
1382,2.199e-06,6.233e-06,-5.235e-05,0
1383,2.226e-06,6.194e-06,-5.262e-05,0
1384,2.249e-06,6.145e-06,-5.280e-05,0
1385,2.270e-06,6.087e-06,-5.291e-05,0
1386,2.287e-06,6.021e-06,-5.294e-05,0
1387,2.301e-06,5.945e-06,-5.290e-05,0
1388,2.312e-06,5.860e-06,-5.278e-05,0
1389,2.320e-06,5.767e-06,-5.259e-05,0
1390,2.326e-06,5.665e-06,-5.233e-05,0
1391,2.329e-06,5.556e-06,-5.199e-05,0
1392,2.330e-06,5.439e-06,-5.159e-05,0
1393,2.328e-06,5.314e-06,-5.113e-05,0
1394,2.324e-06,5.183e-06,-5.060e-05,0
1395,2.343e-06,5.045e-06,-5.001e-05,0
1396,2.370e-06,4.900e-06,-4.935e-05,0
1397,2.394e-06,4.749e-06,-4.865e-05,0
1398,2.419e-06,4.592e-06,-4.788e-05,0
1399,2.465e-06,4.430e-06,-4.707e-05,0
1400,2.507e-06,4.263e-06,-4.620e-05,1
1401,2.543e-06,4.091e-06,-4.529e-05,0
1402,2.575e-06,3.915e-06,-4.433e-05,0
1403,2.602e-06,3.735e-06,-4.333e-05,0
1404,2.623e-06,3.552e-06,-4.228e-05,0
1405,2.640e-06,3.365e-06,-4.121e-05,0
1406,2.652e-06,3.176e-06,-4.009e-05,0
1407,2.659e-06,2.984e-06,-3.895e-05,0
1408,2.661e-06,2.790e-06,-3.778e-05,0
1409,2.658e-06,2.595e-06,-3.658e-05,0
1410,2.651e-06,2.399e-06,-3.536e-05,0
1411,2.639e-06,2.201e-06,-3.411e-05,0
1412,2.623e-06,2.004e-06,-3.285e-05,0
1413,2.602e-06,1.806e-06,-3.158e-05,0
1414,2.578e-06,1.609e-06,-3.029e-05,0
1415,2.549e-06,1.413e-06,-2.899e-05,0
1416,2.516e-06,1.377e-06,-2.768e-05,0
1417,2.479e-06,1.402e-06,-2.637e-05,0
1418,2.439e-06,1.450e-06,-2.505e-05,0
1419,2.395e-06,1.495e-06,-2.374e-05,0
1420,2.348e-06,1.538e-06,-2.242e-05,0
1421,2.298e-06,1.578e-06,-2.111e-05,0
1422,2.244e-06,1.615e-06,-1.981e-05,0
1423,2.188e-06,1.649e-06,-1.852e-05,0
1424,2.129e-06,1.680e-06,-1.724e-05,0
1425,2.068e-06,1.708e-06,-1.597e-05,0
1426,2.004e-06,1.732e-06,-1.471e-05,0
1427,1.938e-06,1.753e-06,-1.347e-05,0
1428,1.877e-06,1.771e-06,-1.225e-05,0
1429,1.853e-06,1.785e-06,-1.105e-05,0
1430,1.829e-06,1.796e-06,-9.873e-06,0
1431,1.803e-06,1.876e-06,-8.717e-06,0
1432,1.777e-06,1.956e-06,-7.585e-06,0
1433,1.750e-06,2.032e-06,-6.478e-06,0
1434,1.722e-06,2.103e-06,-5.399e-06,0
1435,1.693e-06,2.170e-06,-4.346e-06,0
1436,1.663e-06,2.232e-06,-3.323e-06,0
1437,1.632e-06,2.289e-06,-2.329e-06,0
1438,1.601e-06,2.342e-06,-1.365e-06,0
1439,1.569e-06,2.390e-06,-4.326e-07,0
1440,1.536e-06,2.433e-06,4.686e-07,0
1441,1.502e-06,2.472e-06,1.338e-06,0
1442,1.468e-06,2.514e-06,2.175e-06,0
1443,1.433e-06,2.581e-06,2.979e-06,0
1444,1.397e-06,2.641e-06,3.750e-06,0
1445,1.360e-06,2.694e-06,4.488e-06,0
1446,1.323e-06,2.741e-06,5.194e-06,0
1447,1.285e-06,2.782e-06,5.866e-06,0
1448,1.247e-06,2.816e-06,6.506e-06,0
1449,1.208e-06,2.844e-06,7.113e-06,0
1450,1.168e-06,2.866e-06,7.688e-06,1
1451,1.171e-06,2.882e-06,8.231e-06,0
1452,1.183e-06,2.891e-06,8.742e-06,0
1453,1.194e-06,2.895e-06,9.223e-06,0
1454,1.206e-06,2.893e-06,9.673e-06,0
1455,1.216e-06,2.885e-06,1.009e-05,0
1456,1.226e-06,2.872e-06,1.048e-05,0
1457,1.235e-06,2.854e-06,1.085e-05,0
1458,1.243e-06,2.830e-06,1.118e-05,0
1459,1.251e-06,2.802e-06,1.149e-05,0
1460,1.258e-06,2.769e-06,1.177e-05,0
1461,1.264e-06,2.731e-06,1.203e-05,0
1462,1.269e-06,2.689e-06,1.226e-05,0
1463,1.274e-06,2.643e-06,1.247e-05,0
1464,1.278e-06,2.592e-06,1.266e-05,0
1465,1.281e-06,2.538e-06,1.283e-05,0
1466,1.283e-06,2.481e-06,1.298e-05,0
1467,1.284e-06,2.421e-06,1.310e-05,0
1468,1.284e-06,2.357e-06,1.321e-05,0
1469,1.284e-06,2.290e-06,1.330e-05,0
1470,1.282e-06,2.221e-06,1.338e-05,0
1471,1.280e-06,2.150e-06,1.344e-05,0
1472,1.276e-06,2.077e-06,1.349e-05,0
1473,1.272e-06,2.002e-06,1.352e-05,0
1474,1.266e-06,1.959e-06,1.354e-05,0
1475,1.260e-06,1.937e-06,1.355e-05,0
1476,1.253e-06,1.915e-06,1.355e-05,0
1477,1.244e-06,1.910e-06,1.354e-05,0
1478,1.235e-06,1.915e-06,1.352e-05,0
1479,1.224e-06,1.918e-06,1.350e-05,0
1480,1.213e-06,1.919e-06,1.347e-05,0
1481,1.201e-06,1.917e-06,1.343e-05,0
1482,1.187e-06,1.923e-06,1.339e-05,0
1483,1.173e-06,1.927e-06,1.334e-05,0
1484,1.157e-06,1.928e-06,1.329e-05,0
1485,1.141e-06,1.926e-06,1.324e-05,0
1486,1.124e-06,1.921e-06,1.319e-05,0
1487,1.105e-06,1.914e-06,1.313e-05,0
1488,1.086e-06,1.903e-06,1.307e-05,0
1489,1.065e-06,1.890e-06,1.302e-05,0
1490,1.065e-06,1.874e-06,1.296e-05,0
1491,1.102e-06,1.855e-06,1.290e-05,0
1492,1.137e-06,1.834e-06,1.285e-05,0
1493,1.171e-06,1.810e-06,1.279e-05,0
1494,1.204e-06,1.783e-06,1.274e-05,0
1495,1.235e-06,1.753e-06,1.269e-05,0
1496,1.265e-06,1.721e-06,1.264e-05,0
1497,1.293e-06,1.686e-06,1.259e-05,0
1498,1.319e-06,1.649e-06,1.255e-05,0
1499,1.344e-06,1.632e-06,1.250e-05,0
1500,1.367e-06,1.654e-06,1.246e-05,1
1501,1.388e-06,1.673e-06,1.242e-05,0
1502,1.408e-06,1.690e-06,1.239e-05,0
1503,1.425e-06,1.705e-06,1.235e-05,0
1504,1.441e-06,1.717e-06,1.232e-05,0
1505,1.455e-06,1.728e-06,1.229e-05,0
1506,1.467e-06,1.736e-06,1.226e-05,0
1507,1.476e-06,1.742e-06,1.223e-05,0
1508,1.484e-06,1.746e-06,1.220e-05,0
1509,1.490e-06,1.747e-06,1.218e-05,0
1510,1.493e-06,1.747e-06,1.215e-05,0
1511,1.495e-06,1.745e-06,1.213e-05,0
1512,1.494e-06,1.741e-06,1.210e-05,0
1513,1.491e-06,1.735e-06,1.207e-05,0
1514,1.486e-06,1.727e-06,1.204e-05,0
1515,1.479e-06,1.717e-06,1.201e-05,0
1516,1.470e-06,1.706e-06,1.198e-05,0
1517,1.459e-06,1.693e-06,1.195e-05,0
1518,1.445e-06,1.679e-06,1.191e-05,0
1519,1.430e-06,1.663e-06,1.187e-05,0
1520,1.412e-06,1.645e-06,1.183e-05,0
1521,1.393e-06,1.627e-06,1.178e-05,0
1522,1.371e-06,1.618e-06,1.172e-05,0
1523,1.348e-06,1.635e-06,1.166e-05,0
1524,1.322e-06,1.651e-06,1.160e-05,0
1525,1.295e-06,1.665e-06,1.153e-05,0
1526,1.265e-06,1.678e-06,1.145e-05,0
1527,1.234e-06,1.690e-06,1.137e-05,0
1528,1.202e-06,1.700e-06,1.128e-05,0
1529,1.167e-06,1.709e-06,1.118e-05,0
1530,1.131e-06,1.716e-06,1.107e-05,0
1531,1.093e-06,1.722e-06,1.095e-05,0
1532,1.054e-06,1.726e-06,1.083e-05,0
1533,1.013e-06,1.729e-06,1.069e-05,0
1534,9.710e-07,1.730e-06,1.055e-05,0
1535,9.276e-07,1.730e-06,1.039e-05,0
1536,8.830e-07,1.729e-06,1.023e-05,0
1537,8.372e-07,1.726e-06,1.005e-05,0
1538,7.966e-07,1.721e-06,9.870e-06,0
1539,7.739e-07,1.715e-06,9.675e-06,0
1540,7.505e-07,1.708e-06,9.469e-06,0
1541,7.452e-07,1.699e-06,9.253e-06,0
1542,7.783e-07,1.689e-06,9.026e-06,0
1543,8.106e-07,1.683e-06,8.789e-06,0
1544,8.422e-07,1.680e-06,8.540e-06,0
1545,8.730e-07,1.674e-06,8.281e-06,0
1546,9.030e-07,1.666e-06,8.012e-06,0
1547,9.321e-07,1.656e-06,7.732e-06,0
1548,9.604e-07,1.644e-06,7.443e-06,0
1549,9.878e-07,1.629e-06,7.143e-06,0
1550,1.014e-06,1.613e-06,6.833e-06,1
1551,1.040e-06,1.594e-06,6.514e-06,0
1552,1.064e-06,1.574e-06,6.186e-06,0
1553,1.088e-06,1.551e-06,5.849e-06,0
1554,1.110e-06,1.526e-06,5.504e-06,0
1555,1.132e-06,1.500e-06,5.150e-06,0
1556,1.152e-06,1.471e-06,4.789e-06,0
1557,1.171e-06,1.441e-06,4.421e-06,0
1558,1.190e-06,1.409e-06,4.046e-06,0
1559,1.207e-06,1.375e-06,3.666e-06,0
1560,1.223e-06,1.342e-06,3.279e-06,0
1561,1.238e-06,1.315e-06,2.888e-06,0
1562,1.251e-06,1.287e-06,2.492e-06,0
1563,1.264e-06,1.262e-06,2.092e-06,0
1564,1.275e-06,1.234e-06,1.689e-06,0
1565,1.286e-06,1.205e-06,1.284e-06,0
1566,1.295e-06,1.174e-06,8.763e-07,0
1567,1.303e-06,1.142e-06,4.677e-07,0
1568,1.309e-06,1.108e-06,5.857e-08,0
1569,1.315e-06,1.072e-06,-3.504e-07,0
1570,1.319e-06,1.036e-06,-7.586e-07,0
1571,1.322e-06,9.973e-07,-1.165e-06,0
1572,1.325e-06,9.590e-07,-1.570e-06,0
1573,1.325e-06,9.264e-07,-1.971e-06,0
1574,1.325e-06,8.925e-07,-2.369e-06,0
1575,1.324e-06,8.572e-07,-2.762e-06,0
1576,1.321e-06,8.207e-07,-3.150e-06,0
1577,1.317e-06,7.832e-07,-3.533e-06,0
1578,1.312e-06,7.446e-07,-3.908e-06,0
1579,1.306e-06,7.229e-07,-4.277e-06,0
1580,1.299e-06,7.278e-07,-4.638e-06,0
1581,1.291e-06,7.317e-07,-4.990e-06,0
1582,1.282e-06,7.345e-07,-5.334e-06,0
1583,1.272e-06,7.363e-07,-5.667e-06,0
1584,1.260e-06,7.370e-07,-5.990e-06,0
1585,1.248e-06,7.368e-07,-6.302e-06,0
1586,1.235e-06,7.355e-07,-6.602e-06,0
1587,1.220e-06,7.332e-07,-6.891e-06,0
1588,1.205e-06,7.299e-07,-7.166e-06,0
1589,1.189e-06,7.257e-07,-7.429e-06,0
1590,1.172e-06,7.205e-07,-7.678e-06,0
1591,1.154e-06,7.143e-07,-7.913e-06,0
1592,1.135e-06,7.073e-07,-8.133e-06,0
1593,1.115e-06,6.993e-07,-8.338e-06,0
1594,1.095e-06,6.905e-07,-8.529e-06,0
1595,1.073e-06,6.808e-07,-8.703e-06,0
1596,1.051e-06,6.703e-07,-8.862e-06,0
1597,1.028e-06,6.591e-07,-9.005e-06,0
1598,1.005e-06,6.470e-07,-9.132e-06,0
1599,9.807e-07,6.735e-07,-9.242e-06,0
1600,9.559e-07,7.085e-07,-9.336e-06,1
1601,9.305e-07,7.420e-07,-9.413e-06,0
1602,9.045e-07,7.738e-07,-9.473e-06,0
1603,8.780e-07,8.040e-07,-9.516e-06,0
1604,8.510e-07,8.324e-07,-9.543e-06,0
1605,8.234e-07,8.591e-07,-9.552e-06,0
1606,7.954e-07,8.841e-07,-9.545e-06,0
1607,7.670e-07,9.072e-07,-9.522e-06,0
1608,7.382e-07,9.284e-07,-9.482e-06,0
1609,7.090e-07,9.478e-07,-9.426e-06,0
1610,6.796e-07,9.653e-07,-9.353e-06,0
1611,6.498e-07,9.809e-07,-9.265e-06,0
1612,6.197e-07,9.946e-07,-9.162e-06,0
1613,5.894e-07,1.006e-06,-9.043e-06,0
1614,5.589e-07,1.027e-06,-8.910e-06,0
1615,5.283e-07,1.051e-06,-8.762e-06,0
1616,4.975e-07,1.075e-06,-8.600e-06,0
1617,4.666e-07,1.099e-06,-8.425e-06,0
1618,4.356e-07,1.121e-06,-8.237e-06,0
1619,4.045e-07,1.142e-06,-8.036e-06,0
1620,3.735e-07,1.162e-06,-7.823e-06,0
1621,3.424e-07,1.180e-06,-7.598e-06,0
1622,3.114e-07,1.197e-06,-7.363e-06,0
1623,2.805e-07,1.212e-06,-7.117e-06,0
1624,2.497e-07,1.226e-06,-6.862e-06,0
1625,2.408e-07,1.239e-06,-6.598e-06,0
1626,2.616e-07,1.250e-06,-6.325e-06,0
1627,2.814e-07,1.260e-06,-6.045e-06,0
1628,3.001e-07,1.268e-06,-5.757e-06,0
1629,3.179e-07,1.275e-06,-5.464e-06,0
1630,3.345e-07,1.281e-06,-5.164e-06,0
1631,3.501e-07,1.285e-06,-4.860e-06,0
1632,3.645e-07,1.288e-06,-4.551e-06,0
1633,3.778e-07,1.290e-06,-4.240e-06,0
1634,3.900e-07,1.290e-06,-3.925e-06,0
1635,4.010e-07,1.289e-06,-3.608e-06,0
1636,4.108e-07,1.287e-06,-3.290e-06,0
1637,4.194e-07,1.283e-06,-2.971e-06,0
1638,4.269e-07,1.278e-06,-2.653e-06,0
1639,4.333e-07,1.272e-06,-2.335e-06,0
1640,4.384e-07,1.264e-06,-2.019e-06,0
1641,4.424e-07,1.256e-06,-1.706e-06,0
1642,4.540e-07,1.246e-06,-1.395e-06,0
1643,4.657e-07,1.235e-06,-1.088e-06,0
1644,4.762e-07,1.222e-06,-7.845e-07,0
1645,4.856e-07,1.209e-06,-4.865e-07,0
1646,4.939e-07,1.195e-06,-1.939e-07,0
1647,5.011e-07,1.179e-06,9.249e-08,0
1648,5.072e-07,1.163e-06,3.722e-07,0
1649,5.123e-07,1.145e-06,6.446e-07,0
1650,5.163e-07,1.127e-06,9.093e-07,1
1651,5.193e-07,1.107e-06,1.166e-06,0
1652,5.213e-07,1.100e-06,1.413e-06,0
1653,5.279e-07,1.097e-06,1.651e-06,0
1654,5.356e-07,1.093e-06,1.880e-06,0
1655,5.421e-07,1.088e-06,2.098e-06,0
1656,5.475e-07,1.082e-06,2.306e-06,0
1657,5.610e-07,1.075e-06,2.503e-06,0
1658,5.760e-07,1.066e-06,2.689e-06,0
1659,5.903e-07,1.057e-06,2.863e-06,0
1660,6.040e-07,1.046e-06,3.026e-06,0
1661,6.170e-07,1.034e-06,3.177e-06,0
1662,6.292e-07,1.020e-06,3.315e-06,0
1663,6.408e-07,1.006e-06,3.441e-06,0
1664,6.517e-07,9.905e-07,3.555e-06,0
1665,6.620e-07,9.739e-07,3.657e-06,0
1666,6.715e-07,9.561e-07,3.745e-06,0
1667,6.804e-07,9.373e-07,3.821e-06,0
1668,6.886e-07,9.174e-07,3.884e-06,0
1669,6.961e-07,8.965e-07,3.935e-06,0
1670,7.029e-07,8.746e-07,3.973e-06,0
1671,7.091e-07,8.518e-07,3.999e-06,0
1672,7.146e-07,8.280e-07,4.012e-06,0
1673,7.194e-07,8.033e-07,4.013e-06,0
1674,7.236e-07,7.777e-07,4.002e-06,0
1675,7.272e-07,7.513e-07,3.979e-06,0
1676,7.301e-07,7.241e-07,3.944e-06,0
1677,7.324e-07,6.962e-07,3.898e-06,0
1678,7.340e-07,6.675e-07,3.841e-06,0
1679,7.351e-07,6.382e-07,3.773e-06,0
1680,7.355e-07,6.083e-07,3.694e-06,0
1681,7.353e-07,5.779e-07,3.606e-06,0
1682,7.346e-07,5.469e-07,3.508e-06,0
1683,7.333e-07,5.154e-07,3.400e-06,0
1684,7.314e-07,4.835e-07,3.283e-06,0
1685,7.289e-07,4.540e-07,3.158e-06,0
1686,7.259e-07,4.366e-07,3.025e-06,0
1687,7.223e-07,4.185e-07,2.884e-06,0
1688,7.183e-07,4.051e-07,2.736e-06,0
1689,7.137e-07,4.013e-07,2.581e-06,0
1690,7.086e-07,4.010e-07,2.421e-06,0
1691,7.030e-07,3.999e-07,2.254e-06,0
1692,6.970e-07,3.980e-07,2.082e-06,0
1693,6.904e-07,3.953e-07,1.906e-06,0
1694,6.834e-07,3.919e-07,1.726e-06,0
1695,6.760e-07,3.877e-07,1.542e-06,0
1696,6.682e-07,3.829e-07,1.355e-06,0
1697,6.599e-07,3.774e-07,1.165e-06,0
1698,6.512e-07,3.713e-07,9.735e-07,0
1699,6.422e-07,3.646e-07,7.805e-07,0
1700,6.327e-07,3.573e-07,5.866e-07,1
