problem name,setup time,solve time,run time,status,primal residual,primal ratio,prim_normalized,dual residual,dual ratio,dual_normalized,duality gap,duality gap ratio,duality_gap_normalized,integral_sum,restart,iterations,task_id,restart_type,alpha,rho_is_vec,adaptive_rho_tolerance_greater,adaptive_rho_tolerance_less,rho_custom_condition,rho_custom_tolerance,adapt_rho_on_restart,custom_average_rest,beta,ini_rest_len,lambd,xi,vector_rho_in_averaged_KKT,halpern_scheme,alpha_adjustment_reflected_halpern,adaptive_rest,restart_necessary,restart_artificial,halpern_step_first_inner_iter,pid_controller,KP,KI,negate_K
AUG2DCQP_Maros_Meszaros,0.022518383,1.430582108,1.453100491,solved,1.0397068395946911e-05,0.0001557154871599583,1.5682796189673586e-07,1.8189079566965916e-05,0.2743615958491568,2.7436159584915677e-07,-2.0773785412311554,0.15073107521023701,1.5073107926474912e-07,120.81640332146709,34,1700,5,reflected halpern,1.118087161668963,-1,14.955140383130786,46.828655065900435,-1,-1,1,-1,0.7539407999438441,50,0.3121812468798405,-1,-1,none,1,1,0.6167106503097293,0.5251243394345884,0,0,-1,-1,-1
AUG2DC_Maros_Meszaros,0.021812858,0.041559863,0.063372721,solved,5.313179678445579e-07,0.01493355750499778,1.493355750499778e-08,1.3388268271796733e-09,3.762991019112429e-05,3.7629910191124284e-11,-1.1331527410075068,0.30830879448364895,3.083087935967667e-07,0.0127221380629454,1,50,5,reflected halpern,1.118087161668963,-1,14.955140383130786,46.828655065900435,-1,-1,1,-1,0.7539407999438441,50,0.3121812468798405,-1,-1,none,1,1,0.6167106503097293,0.5251243394345884,0,0,-1,-1,-1
AUG2DQP_Maros_Meszaros,0.063436563,1.289417041,1.352853604,solved,1.0612235826904308e-06,1.5827784237199858e-05,1.5932245604890704e-08,1.3634960904990553e-08,0.00020782296594658883,2.0782296594658882e-10,0.2973355296999216,0.02246381169585294,2.2463810288617528e-08,105.74312453965015,30,1525,5,reflected halpern,1.118087161668963,-1,14.955140383130786,46.828655065900435,-1,-1,1,-1,0.7539407999438441,50,0.3121812468798405,-1,-1,none,1,1,0.6167106503097293,0.5251243394345884,0,0,-1,-1,-1
AUG2D_Maros_Meszaros,0.017227,0.084583968,0.101810968,solved,2.9319431016361364e-07,0.008160942491842814,8.160942491842812e-09,1.3470327075992827e-09,3.856761245780278e-05,3.8567612457802774e-11,-0.5783348376862705,0.17036789627084592,1.703678959964935e-07,0.009483021218022096,1,50,5,reflected halpern,1.118087161668963,-1,14.955140383130786,46.828655065900435,-1,-1,1,-1,0.7539407999438441,50,0.3121812468798405,-1,-1,none,1,1,0.6167106503097293,0.5251243394345884,0,0,-1,-1,-1
AUG3DCQP_Maros_Meszaros,0.003666064,0.015671819,0.019337883,solved,1.3754142983435358e-06,0.31909066951189463,3.190906695118946e-07,1.981549910268221e-06,0.4597117307128605,4.5971173071286045e-07,-0.0002282186746924708,0.03556699465468957,3.556699132377119e-08,0.7073332652949862,2,100,5,reflected halpern,1.118087161668963,-1,14.955140383130786,46.828655065900435,-1,-1,1,-1,0.7539407999438441,50,0.3121812468798405,-1,-1,none,1,1,0.6167106503097293,0.5251243394345884,0,0,-1,-1,-1
AUG3DC_Maros_Meszaros,0.003459182,0.007145566,0.010604748,solved,1.5837124944795278e-09,0.0004188520490350077,4.188520490350077e-10,1.339033217639951e-09,0.0003541405456416212,3.5414054564162123e-10,1.5840953437873395e-06,0.0003433930443944192,3.433957553130139e-10,0.0011722482698851768,1,50,5,reflected halpern,1.118087161668963,-1,14.955140383130786,46.828655065900435,-1,-1,1,-1,0.7539407999438441,50,0.3121812468798405,-1,-1,none,1,1,0.6167106503097293,0.5251243394345884,0,0,-1,-1,-1
AUG3DQP_Maros_Meszaros,0.003442922,0.054592097,0.058035019,solved,2.240570719454255e-08,0.0050421366959303065,5.0421366959303064e-09,3.238374536164501e-07,0.07287574965693774,7.287574965693775e-08,1.3051908354100306e-07,2.6844887631964982e-05,2.684315741132421e-11,4.185235920824253,2,100,5,reflected halpern,1.118087161668963,-1,14.955140383130786,46.828655065900435,-1,-1,1,-1,0.7539407999438441,50,0.3121812468798405,-1,-1,none,1,1,0.6167106503097293,0.5251243394345884,0,0,-1,-1,-1
AUG3D_Maros_Meszaros,0.003437152,0.007205045,0.010642197,solved,1.773713176334013e-09,0.00044210119556468535,4.4210119556468534e-10,1.34712951904703e-09,0.00033577445265537033,3.3577445265537027e-10,1.917952204166795e-06,0.0005071055145829634,5.071082800019248e-10,0.0013248684491178654,1,50,5,reflected halpern,1.118087161668963,-1,14.955140383130786,46.828655065900435,-1,-1,1,-1,0.7539407999438441,50,0.3121812468798405,-1,-1,none,1,1,0.6167106503097293,0.5251243394345884,0,0,-1,-1,-1
CONT-050_Maros_Meszaros,0.005660036,0.451618279,0.457278315,solved,1.705858972991107e-06,0.37907962801964296,3.7907962807438273e-07,8.642149236889885e-10,0.0008630067135400962,8.630067137009401e-10,-3.7096939503527436e-06,0.3890236217737272,3.890236187808276e-07,0.6270281074205698,35,1775,5,reflected halpern,1.118087161668963,-1,14.955140383130786,46.828655065900435,-1,-1,1,-1,0.7539407999438441,50,0.3121812468798405,-1,-1,none,1,1,0.6167106503097293,0.5251243394345884,0,0,-1,-1,-1
CONT-100_Maros_Meszaros,0.042178658,10.969138211,11.011316869,solved,4.693003581885346e-07,0.10428895759718952,1.0428895761015321e-07,8.395682638712067e-10,0.000839274535736468,8.392745177506068e-10,1.814136972465974e-06,0.18768522248918207,1.8768523069473514e-07,10.631936864766205,172,8625,5,reflected halpern,1.118087161668963,-1,14.955140383130786,46.828655065900435,-1,-1,1,-1,0.7539407999438441,50,0.3121812468798405,-1,-1,none,1,1,0.6167106503097293,0.5251243394345884,0,0,-1,-1,-1
CONT-101_Maros_Meszaros,0.046690207,15.441719083,15.48840929,solved,6.510390759516275e-07,0.001049838426150946,6.24902076600262e-08,8.806659717633145e-11,8.798373183192507e-05,8.798373183192507e-11,2.4014785536818906e-06,0.9745173871835531,9.745173874088169e-07,6587.602211822039,223,11175,5,reflected halpern,1.118087161668963,-1,14.955140383130786,46.828655065900435,-1,-1,1,-1,0.7539407999438441,50,0.3121812468798405,-1,-1,none,1,1,0.6167106503097293,0.5251243394345884,0,0,-1,-1,-1
CVXQP1_L_Maros_Meszaros,1.251787822,49.58985452,50.841642342,solved,6.998269645727081e-06,0.1882289774890853,9.99752755225857e-07,0.007739057546966185,0.06346714231035484,6.346714225752457e-08,-22.959303229564775,0.10560390504015123,1.0560391792337215e-07,407.12614639752036,168,8400,5,reflected halpern,1.118087161668963,-1,14.955140383130786,46.828655065900435,-1,-1,1,-1,0.7539407999438441,50,0.3121812468798405,-1,-1,none,1,1,0.6167106503097293,0.5251243394345884,0,0,-1,-1,-1
CVXQP1_M_Maros_Meszaros,0.005470264,0.132808063,0.138278327,solved,6.439011063473256e-06,0.9198587218331781,9.198587218321516e-07,0.0004862270140165176,0.040744283184908414,4.0744283177284484e-08,-0.013070916291326284,0.006009556886908333,6.009550035875759e-09,5.604230864632576,12,625,5,reflected halpern,1.118087161668963,-1,14.955140383130786,46.828655065900435,-1,-1,1,-1,0.7539407999438441,50,0.3121812468798405,-1,-1,none,1,1,0.6167106503097293,0.5251243394345884,0,0,-1,-1,-1
CVXQP1_S_Maros_Meszaros,0.000188241,0.002135124,0.002323365,solved,2.6524925324401887e-06,0.37892750437638867,3.78927504376806e-07,0.0008509451113144782,0.759012902550827,7.590129026436419e-07,-0.0008419206569669768,0.036317177886000813,3.631717835678551e-08,0.009591869589705553,8,425,5,reflected halpern,1.118087161668963,-1,14.955140383130786,46.828655065900435,-1,-1,1,-1,0.7539407999438441,50,0.3121812468798405,-1,-1,none,1,1,0.6167106503097293,0.5251243394345884,0,0,-1,-1,-1
CVXQP2_L_Maros_Meszaros,0.823646882,7.649070631,8.472717513,solved,6.054662176221107e-06,0.8649517381166195,8.649517381164962e-07,6.960751203468258e-05,0.0005219334046402073,5.219334002940148e-10,-0.0026807686271342643,1.638605102312615e-05,1.6377615407099797e-11,103.37184633927275,33,1650,5,reflected halpern,1.118087161668963,-1,14.955140383130786,46.828655065900435,-1,-1,1,-1,0.7539407999438441,50,0.3121812468798405,-1,-1,none,1,1,0.6167106503097293,0.5251243394345884,0,0,-1,-1,-1
CVXQP2_M_Maros_Meszaros,0.004013796,0.019700325,0.023714121,solved,3.6776095662963433e-06,0.5253727947039448,5.25372794704306e-07,9.86873119352212e-05,0.008783246728065852,8.783246706755506e-09,-0.0007886774837970734,0.00048080706130164755,4.808094743311663e-10,1.034589514706179,3,175,5,reflected halpern,1.118087161668963,-1,14.955140383130786,46.828655065900435,-1,-1,1,-1,0.7539407999438441,50,0.3121812468798405,-1,-1,none,1,1,0.6167106503097293,0.5251243394345884,0,0,-1,-1,-1
CVXQP2_S_Maros_Meszaros,0.000184631,0.000354452,0.000539083,solved,1.2450216137444721e-08,0.000944889688297231,1.7786023053105206e-09,2.4171390260828038e-05,0.024104147804175056,2.4104147884706246e-08,-1.129508382291533e-05,0.0006953867262168533,6.953867262168534e-10,0.003934941608914815,1,75,5,reflected halpern,1.118087161668963,-1,14.955140383130786,46.828655065900435,-1,-1,1,-1,0.7539407999438441,50,0.3121812468798405,-1,-1,none,1,1,0.6167106503097293,0.5251243394345884,0,0,-1,-1,-1
CVXQP3_L_Maros_Meszaros,1.5792008819999999,79.498589455,81.077790337,solved,6.93859729104907e-06,0.9912278709939377,9.912278709445334e-07,0.009565254231084966,0.0789708511582229,7.897085115605661e-08,-72.05685096750953,0.31136535824449557,3.113654190183278e-07,89.25845784775942,240,12000,5,reflected halpern,1.118087161668963,-1,14.955140383130786,46.828655065900435,-1,-1,1,-1,0.7539407999438441,50,0.3121812468798405,-1,-1,none,1,1,0.6167106503097293,0.5251243394345884,0,0,-1,-1,-1
CVXQP3_M_Maros_Meszaros,0.006553452,0.45956974,0.466123192,solved,5.32068541565988e-07,0.0726971716548469,7.600979146297538e-08,0.008258332203936902,0.6831670621142514,6.83167062115427e-07,-0.05290418164804578,0.019409682864957138,1.9409688502795637e-08,2.7131228069692566,60,3000,5,reflected halpern,1.118087161668963,-1,14.955140383130786,46.828655065900435,-1,-1,1,-1,0.7539407999438441,50,0.3121812468798405,-1,-1,none,1,1,0.6167106503097293,0.5251243394345884,0,0,-1,-1,-1
CVXQP3_S_Maros_Meszaros,0.000210631,0.000627154,0.000837785,solved,5.7154576568689595e-06,0.8164939437645373,8.164939437618219e-07,0.0005429047784808032,0.48656111364899396,4.865611135693554e-07,-0.001562199839099776,0.0653972189008057,6.539721844392368e-08,0.00429870919388416,2,100,5,reflected halpern,1.118087161668963,-1,14.955140383130786,46.828655065900435,-1,-1,1,-1,0.7539407999438441,50,0.3121812468798405,-1,-1,none,1,1,0.6167106503097293,0.5251243394345884,0,0,-1,-1,-1
DPKLO1_Maros_Meszaros,0.000279441,0.000526724,0.000806165,solved,6.524692980467277e-08,0.0017383502486469674,1.738350063808463e-09,8.613375387015631e-08,0.06373403932964959,6.373403930231955e-08,9.837812046109562e-07,0.5653289740454245,5.653289744282177e-07,0.05004931013019692,1,50,5,reflected halpern,1.118087161668963,-1,14.955140383130786,46.828655065900435,-1,-1,1,-1,0.7539407999438441,50,0.3121812468798405,-1,-1,none,1,1,0.6167106503097293,0.5251243394345884,0,0,-1,-1,-1
DTOC3_Maros_Meszaros,0.008350623,0.205622277,0.2139729,solved,3.1691644863940382e-09,0.00018924342169108273,1.8924342169108274e-10,5.680881112746228e-13,5.645323483916392e-07,5.645323483916391e-13,-0.00021497689698435352,0.4559185905313387,4.5591858812029163e-07,6.046484655633725,7,350,5,reflected halpern,1.118087161668963,-1,14.955140383130786,46.828655065900435,-1,-1,1,-1,0.7539407999438441,50,0.3121812468798405,-1,-1,none,1,1,0.6167106503097293,0.5251243394345884,0,0,-1,-1,-1
DUAL1_Maros_Meszaros,0.000382092,0.000827176,0.0012092679999999999,solved,4.2172907670453484e-09,0.0012474421083259685,2.1086453816860925e-09,1.1735761827320929e-07,0.10780362336564185,1.078036250265674e-07,6.908460047777565e-08,0.06661664773476576,6.661664792211406e-08,0.01881066419671543,1,50,5,reflected halpern,1.118087161668963,-1,14.955140383130786,46.828655065900435,-1,-1,1,-1,0.7539407999438441,50,0.3121812468798405,-1,-1,none,1,1,0.6167106503097293,0.5251243394345884,0,0,-1,-1,-1
DUAL2_Maros_Meszaros,0.000400862,0.001053657,0.001454519,solved,1.7181937387498017e-09,0.0008590972370550458,8.590968686368535e-10,8.551818046359723e-08,0.07975798710643339,7.97579868696814e-08,7.743254176045822e-08,0.07474206100340487,7.474206074219089e-08,0.02972350621010362,1,50,5,reflected halpern,1.118087161668963,-1,14.955140383130786,46.828655065900435,-1,-1,1,-1,0.7539407999438441,50,0.3121812468798405,-1,-1,none,1,1,0.6167106503097293,0.5251243394345884,0,0,-1,-1,-1
DUAL3_Maros_Meszaros,0.000515313,0.001405429,0.001920742,solved,6.146292660025998e-09,0.003073146327327843,3.073146327327843e-09,2.2753850918425693e-07,0.1863409485932421,1.8634094801128622e-07,2.1341679032338412e-07,0.18625226975807765,1.862522698065231e-07,0.0882689090417899,1,50,5,reflected halpern,1.118087161668963,-1,14.955140383130786,46.828655065900435,-1,-1,1,-1,0.7539407999438441,50,0.3121812468798405,-1,-1,none,1,1,0.6167106503097293,0.5251243394345884,0,0,-1,-1,-1
DUAL4_Maros_Meszaros,0.000224922,0.000666514,0.000891436,solved,6.173375399307636e-08,0.0251814673216176,3.086687696978443e-08,2.766849389944605e-07,0.1258401995915205,1.2584020011206638e-07,2.111747851030188e-07,0.11484876715977818,1.1484876703901779e-07,0.02607554830110316,1,50,5,reflected halpern,1.118087161668963,-1,14.955140383130786,46.828655065900435,-1,-1,1,-1,0.7539407999438441,50,0.3121812468798405,-1,-1,none,1,1,0.6167106503097293,0.5251243394345884,0,0,-1,-1,-1
DUALC1_Maros_Meszaros,0.000149841,0.004514529,0.00466437,solved,1.2376726850070172e-08,6.105933326370496e-06,6.1059333263704964e-12,0.2467839169517826,0.07323918960481125,7.323918960119216e-08,0.004323018453931082,0.4184561568789251,4.184561566313179e-07,0.8502288021830734,14,700,5,reflected halpern,1.118087161668963,-1,14.955140383130786,46.828655065900435,-1,-1,1,-1,0.7539407999438441,50,0.3121812468798405,-1,-1,none,1,1,0.6167106503097293,0.5251243394345884,0,0,-1,-1,-1
DUALC2_Maros_Meszaros,0.000184971,0.001646031,0.001831002,solved,1.6144107354559918e-08,4.659617612078597e-06,7.237087025241632e-12,0.0074792132947999026,0.02835013212192986,2.8350132112447053e-08,-0.001431395862414625,0.3028247325127486,3.0282473187304386e-07,0.33267733306004,5,275,5,reflected halpern,1.118087161668963,-1,14.955140383130786,46.828655065900435,-1,-1,1,-1,0.7539407999438441,50,0.3121812468798405,-1,-1,none,1,1,0.6167106503097293,0.5251243394345884,0,0,-1,-1,-1
DUALC5_Maros_Meszaros,0.000163461,0.000582274,0.000745735,solved,3.542607445958433e-08,4.331824910628921e-05,5.894521541625549e-11,3.1717560038309495e-06,0.0017818343204249647,1.7818342791312414e-09,-1.6643495489686244e-05,0.0360979203063562,3.609792007013296e-08,0.45492273743422484,1,75,5,reflected halpern,1.118087161668963,-1,14.955140383130786,46.828655065900435,-1,-1,1,-1,0.7539407999438441,50,0.3121812468798405,-1,-1,none,1,1,0.6167106503097293,0.5251243394345884,0,0,-1,-1,-1
DUALC8_Maros_Meszaros,0.000227021,0.001077017,0.001304038,solved,3.0321538203843975e-08,1.5119273956817295e-05,1.5119273956817284e-11,0.010200111492801164,0.0734677640265086,7.346776286667259e-08,0.006519697276938866,0.19630318046269157,1.963031755766329e-07,0.6348719695999275,1,75,5,reflected halpern,1.118087161668963,-1,14.955140383130786,46.828655065900435,-1,-1,1,-1,0.7539407999438441,50,0.3121812468798405,-1,-1,none,1,1,0.6167106503097293,0.5251243394345884,0,0,-1,-1,-1
EXDATA_Maros_Meszaros,0.357530971,6.612048593,6.969579564,solved,1.2244061714739018e-05,0.4925857614557952,5.830502112550628e-07,2.648344611141593e-06,0.535763760110258,5.357637708859175e-07,-9.55822998344642e-05,0.39116275811474854,3.9116276898798066e-07,295.9470391901224,23,1150,5,reflected halpern,1.118087161668963,-1,14.955140383130786,46.828655065900435,-1,-1,1,-1,0.7539407999438441,50,0.3121812468798405,-1,-1,none,1,1,0.6167106503097293,0.5251243394345884,0,0,-1,-1,-1
GENHS28_Maros_Meszaros,6.722e-05,3.238e-05,9.96e-05,solved,1.3897433450027083e-09,0.0006948716042177621,6.948716720185075e-10,3.5902620876271385e-09,0.001457928168657956,1.4579281686579558e-09,6.971083266194e-09,0.0024422686899443716,2.4422686899443715e-09,2.2838142320522538e-05,1,50,5,reflected halpern,1.118087161668963,-1,14.955140383130786,46.828655065900435,-1,-1,1,-1,0.7539407999438441,50,0.3121812468798405,-1,-1,none,1,1,0.6167106503097293,0.5251243394345884,0,0,-1,-1,-1
GOULDQP2_Maros_Meszaros,0.000404383,0.057343094,0.057747477,solved,3.362634615200477e-05,0.9825800928325433,9.82580061421719e-07,3.697312164659926e-10,0.00036969371308401554,3.696937130840155e-10,-3.3617897852826484e-07,0.3360550153716021,3.360550153833613e-07,0.007812337190515107,43,2175,5,reflected halpern,1.118087161668963,-1,14.955140383130786,46.828655065900435,-1,-1,1,-1,0.7539407999438441,50,0.3121812468798405,-1,-1,none,1,1,0.6167106503097293,0.5251243394345884,0,0,-1,-1,-1
GOULDQP3_Maros_Meszaros,0.000494593,0.001278318,0.001772911,solved,4.022339350484572e-09,9.993128810998864e-05,1.1722179098256522e-10,1.631459897021014e-08,0.00047672166095577166,4.767214250919758e-10,9.870644577492093e-07,1.661019647639594e-05,1.6611091695094623e-11,3.8685413933672366e-05,1,50,5,reflected halpern,1.118087161668963,-1,14.955140383130786,46.828655065900435,-1,-1,1,-1,0.7539407999438441,50,0.3121812468798405,-1,-1,none,1,1,0.6167106503097293,0.5251243394345884,0,0,-1,-1,-1
HS118_Maros_Meszaros,0.000111791,0.000482113,0.000593904,solved,1.8258021423633863e-06,0.018077248990159996,1.8077248934290953e-08,5.113051284588721e-08,0.015486586115032267,1.5486586155384447e-08,-1.5084033293533137e-06,0.0022582888142510258,2.258288644046088e-09,0.0017951717623653479,13,675,5,reflected halpern,1.118087161668963,-1,14.955140383130786,46.828655065900435,-1,-1,1,-1,0.7539407999438441,50,0.3121812468798405,-1,-1,none,1,1,0.6167106503097293,0.5251243394345884,0,0,-1,-1,-1
HS21_Maros_Meszaros,1.457e-05,1.97e-05,3.427e-05,solved,7.621471044541431e-07,0.036292732444186876,3.629273242960786e-08,1.874919494353522e-08,0.01802807232826909,1.8028072325323154e-08,7.012517330706736e-09,0.0064930719562249556,6.493071969074759e-09,0.00021306449075849827,1,75,5,reflected halpern,1.118087161668963,-1,14.955140383130786,46.828655065900435,-1,-1,1,-1,0.7539407999438441,50,0.3121812468798405,-1,-1,none,1,1,0.6167106503097293,0.5251243394345884,0,0,-1,-1,-1
HS268_Maros_Meszaros,2.2401e-05,0.00010632,0.000128721,solved,2.9937461788616806e-14,0.0,9.159740891662462e-16,0.005304829026330345,0.15511649546240905,1.551164954042617e-07,-0.026615756172583622,0.9201016715746005,9.201016711283253e-07,0.0008021720839022339,5,250,5,reflected halpern,1.118087161668963,-1,14.955140383130786,46.828655065900435,-1,-1,1,-1,0.7539407999438441,50,0.3121812468798405,-1,-1,none,1,1,0.6167106503097293,0.5251243394345884,0,0,-1,-1,-1
HS35MOD_Maros_Meszaros,1.299e-05,1.5481e-05,2.8471e-05,solved,6.93985105987867e-10,0.00017349627287476554,1.734962764678709e-10,7.3020380852994996e-09,0.000811337564912012,8.113375649120119e-10,4.96574115365242e-09,0.0002758744960243479,2.7587450847373967e-10,3.3823343421664797e-06,1,50,5,reflected halpern,1.118087161668963,-1,14.955140383130786,46.828655065900435,-1,-1,1,-1,0.7539407999438441,50,0.3121812468798405,-1,-1,none,1,1,0.6167106503097293,0.5251243394345884,0,0,-1,-1,-1
HS35_Maros_Meszaros,1.263e-05,1.493e-05,2.756e-05,solved,8.632117123050005e-11,0.0,2.158029280762501e-11,1.7898321713616383e-11,1.988705496576889e-06,1.9887024126240427e-12,1.770514761034759e-12,9.78726302463712e-08,9.775848373878824e-14,1.8001845111690434e-08,1,50,5,reflected halpern,1.118087161668963,-1,14.955140383130786,46.828655065900435,-1,-1,1,-1,0.7539407999438441,50,0.3121812468798405,-1,-1,none,1,1,0.6167106503097293,0.5251243394345884,0,0,-1,-1,-1
HS51_Maros_Meszaros,2.288e-05,1.855e-05,4.143e-05,solved,6.000127132139516e-09,0.0012000254997511877,1.2000254249878421e-09,2.089465737631865e-08,0.0041789315308863855,4.1789314738175096e-09,2.7803403478299667e-08,0.0021387234224548315,2.1387233423275053e-09,2.4764431130202196e-05,1,50,5,reflected halpern,1.118087161668963,-1,14.955140383130786,46.828655065900435,-1,-1,1,-1,0.7539407999438441,50,0.3121812468798405,-1,-1,none,1,1,0.6167106503097293,0.5251243394345884,0,0,-1,-1,-1
HS52_Maros_Meszaros,1.604e-05,1.82e-05,3.424e-05,solved,7.145616255768474e-12,4.714188947881006e-06,4.714215639479821e-12,3.233602123646081e-11,6.467981705782223e-06,6.467204247292162e-12,6.803184170798909e-11,2.89904475411394e-05,2.8990369665822152e-11,1.0836594400975805e-07,1,50,5,reflected halpern,1.118087161668963,-1,14.955140383130786,46.828655065900435,-1,-1,1,-1,0.7539407999438441,50,0.3121812468798405,-1,-1,none,1,1,0.6167106503097293,0.5251243394345884,0,0,-1,-1,-1
HS53_Maros_Meszaros,1.497e-05,1.103e-05,2.6000000000000002e-05,solved,3.5527750360094117e-07,0.2010122391617069,2.0101223914038972e-07,4.239780161608801e-06,0.8479560322349756,8.479560323217601e-07,2.8387329139679874e-06,0.589688422726702,5.896884226137225e-07,1.5731104263128373e-08,0,25,5,reflected halpern,1.118087161668963,-1,14.955140383130786,46.828655065900435,-1,-1,1,-1,0.7539407999438441,50,0.3121812468798405,-1,-1,none,1,1,0.6167106503097293,0.5251243394345884,0,0,-1,-1,-1
HS76_Maros_Meszaros,1.947e-05,1.811e-05,3.758e-05,solved,4.0779076613981343e-07,0.05023295660230113,6.79651242758796e-08,3.160869573903304e-07,0.07902173938811874,7.90217393475826e-08,3.0576746839733224e-07,0.037791487279791994,3.779148719022242e-08,1.6581704599501634e-06,1,50,5,reflected halpern,1.118087161668963,-1,14.955140383130786,46.828655065900435,-1,-1,1,-1,0.7539407999438441,50,0.3121812468798405,-1,-1,none,1,1,0.6167106503097293,0.5251243394345884,0,0,-1,-1,-1
HUES-MOD_Maros_Meszaros,0.004194686,0.557849873,0.5620445589999999,solved,0.0003780454452453341,0.03968613826943297,3.968613826943297e-08,1.8192039246203717e-07,0.06262370853218571,6.262370853218571e-08,-59.775211066007614,0.8582365728146243,8.58236575595934e-07,91.64305437211016,38,1925,5,reflected halpern,1.118087161668963,-1,14.955140383130786,46.828655065900435,-1,-1,1,-1,0.7539407999438441,50,0.3121812468798405,-1,-1,none,1,1,0.6167106503097293,0.5251243394345884,0,0,-1,-1,-1
HUESTIS_Maros_Meszaros,0.004270217,4.320274664,4.3245448810000005,solved,0.00045861539229008486,0.04814415257927794,4.814415256734341e-08,7.415374318367e-05,0.0038924299758352383,3.892429884574505e-09,-695999.6610107423,0.9992980198797115,9.99298017951793e-07,143.51936166904196,296,14825,5,reflected halpern,1.118087161668963,-1,14.955140383130786,46.828655065900435,-1,-1,1,-1,0.7539407999438441,50,0.3121812468798405,-1,-1,none,1,1,0.6167106503097293,0.5251243394345884,0,0,-1,-1,-1
KSIP_Maros_Meszaros,0.001320619,0.527025118,0.528345737,solved,1.2540294000995544e-06,0.674719852673287,6.74719852673287e-07,1.8687368168457397e-06,0.8573700993833523,8.573700993833522e-07,1.204020365186409e-06,0.727528761342115,7.275287618117115e-07,0.33332372377663255,195,9750,5,reflected halpern,1.118087161668963,-1,14.955140383130786,46.828655065900435,-1,-1,1,-1,0.7539407999438441,50,0.3121812468798405,-1,-1,none,1,1,0.6167106503097293,0.5251243394345884,0,0,-1,-1,-1
LASER_Maros_Meszaros,0.000803625,0.005601805,0.006405429999999999,solved,2.2744578941745002e-05,0.06395640564522448,6.395640564443875e-08,3.498894667676819e-06,0.004451520625889037,4.451520621809162e-09,-0.5231518447399139,0.10855567552097513,1.085556728154418e-07,0.33115473228888187,2,125,5,reflected halpern,1.118087161668963,-1,14.955140383130786,46.828655065900435,-1,-1,1,-1,0.7539407999438441,50,0.3121812468798405,-1,-1,none,1,1,0.6167106503097293,0.5251243394345884,0,0,-1,-1,-1
LISWET10_Maros_Meszaros,0.006456251,24.495241071,24.501697322,solved,2.097504565966597e-06,0.9997241628651037,9.997241629386655e-07,1.4045370063029613e-07,0.06688367007252283,6.688367006685626e-08,-0.00022510593143319966,0.04499512841213753,4.499512624736616e-08,0.4746607209691661,1021,51075,5,reflected halpern,1.118087161668963,-1,14.955140383130786,46.828655065900435,-1,-1,1,-1,0.7539407999438441,50,0.3121812468798405,-1,-1,none,1,1,0.6167106503097293,0.5251243394345884,0,0,-1,-1,-1
LISWET11_Maros_Meszaros,0.008752756,28.913703171999998,28.922455927999998,solved,2.0977225869642897e-06,0.999828075047343,9.998280750451255e-07,1.228939945309208e-07,0.05852317932618577,5.852317923107585e-08,-0.0004499473034830771,0.08994447775474657,8.994447431241182e-08,0.5115619310334061,1203,60150,5,reflected halpern,1.118087161668963,-1,14.955140383130786,46.828655065900435,-1,-1,1,-1,0.7539407999438441,50,0.3121812468798405,-1,-1,none,1,1,0.6167106503097293,0.5251243394345884,0,0,-1,-1,-1
LISWET1_Maros_Meszaros,0.008913277,200.904145537,200.913058814,solved,1.997792741090139e-06,0.9999925917202082,9.999925917159883e-07,3.922410049920037e-07,0.1868615144564694,1.868615144547681e-07,-0.0042793757887455465,0.8555664367967966,8.555664383148896e-07,1.1866215791929047,8380,419025,5,reflected halpern,1.118087161668963,-1,14.955140383130786,46.828655065900435,-1,-1,1,-1,0.7539407999438441,50,0.3121812468798405,-1,-1,none,1,1,0.6167106503097293,0.5251243394345884,0,0,-1,-1,-1
LISWET2_Maros_Meszaros,0.008736836,28.445201818,28.453938654,solved,1.9952038368312636e-06,0.9999863208243854,9.99986320889095e-07,1.0535879351897216e-07,0.050197147809229445,5.01971478007395e-08,-0.000185762848493509,0.05570125783947216,5.5701257683317734e-08,0.6041105937292184,1182,59100,5,reflected halpern,1.118087161668963,-1,14.955140383130786,46.828655065900435,-1,-1,1,-1,0.7539407999438441,50,0.3121812468798405,-1,-1,none,1,1,0.6167106503097293,0.5251243394345884,0,0,-1,-1,-1
LISWET3_Maros_Meszaros,0.009006307,28.096701446,28.105707753,solved,1.9948545452703872e-06,0.9998651242808453,9.998651242516925e-07,1.0631848509770799e-07,0.050664038646233825,5.066403864556015e-08,-0.00018413923133331822,0.09199977403257072,9.199977606861971e-08,0.6589402017464849,1169,58475,5,reflected halpern,1.118087161668963,-1,14.955140383130786,46.828655065900435,-1,-1,1,-1,0.7539407999438441,50,0.3121812468798405,-1,-1,none,1,1,0.6167106503097293,0.5251243394345884,0,0,-1,-1,-1
LISWET4_Maros_Meszaros,0.007767799,27.97731571,27.985083509,solved,1.9948109952071806e-06,0.9998564525192465,9.998564525192439e-07,1.0735258422820711e-07,0.05116657176726356,5.116657176884185e-08,-0.00018336096289120758,0.12822153759315072,1.2822153649865672e-07,0.7045241179069104,1165,58250,5,reflected halpern,1.118087161668963,-1,14.955140383130786,46.828655065900435,-1,-1,1,-1,0.7539407999438441,50,0.3121812468798405,-1,-1,none,1,1,0.6167106503097293,0.5251243394345884,0,0,-1,-1,-1
LISWET5_Maros_Meszaros,0.008170382,8.280230111,8.288400493,solved,3.7113744929982503e-06,0.9997482067109552,9.997482066929686e-07,6.770776279145922e-07,0.17740846381757003,1.774084637755089e-07,-0.000231205706117762,0.007235726123175041,7.235730628465438e-09,0.1314640263384118,344,17225,5,reflected halpern,1.118087161668963,-1,14.955140383130786,46.828655065900435,-1,-1,1,-1,0.7539407999438441,50,0.3121812468798405,-1,-1,none,1,1,0.6167106503097293,0.5251243394345884,0,0,-1,-1,-1
LISWET6_Maros_Meszaros,0.007583288,23.640667863,23.648251151,solved,2.097678335085911e-06,0.9998069861580876,9.998069861566135e-07,1.437815924777782e-07,0.06852485533186946,6.852485534437348e-08,-0.000188305230466608,0.0435342493050249,4.353425907588892e-08,0.49441758443459305,986,49300,5,reflected halpern,1.118087161668963,-1,14.955140383130786,46.828655065900435,-1,-1,1,-1,0.7539407999438441,50,0.3121812468798405,-1,-1,none,1,1,0.6167106503097293,0.5251243394345884,0,0,-1,-1,-1
LISWET7_Maros_Meszaros,0.006522581,29.098204151,29.104726732,solved,1.9998867853546145e-06,0.9999434670832256,9.999434670807936e-07,1.0078132609661088e-07,0.047991336192095245,4.799133619522516e-08,-0.00026639859467516934,0.05326358287525303,5.3263578959888915e-08,0.6063191354736224,1208,60425,5,reflected halpern,1.118087161668963,-1,14.955140383130786,46.828655065900435,-1,-1,1,-1,0.7539407999438441,50,0.3121812468798405,-1,-1,none,1,1,0.6167106503097293,0.5251243394345884,0,0,-1,-1,-1
LISWET8_Maros_Meszaros,0.006720782,28.986596245,28.993317027,solved,1.999748039826562e-06,0.999874081770385,9.998740817666695e-07,1.0087419441054277e-07,0.04803555941417816,4.803555941244614e-08,-0.0004206664402575911,0.08410779625959937,8.410780271112016e-08,0.6182539563227417,1206,60300,5,reflected halpern,1.118087161668963,-1,14.955140383130786,46.828655065900435,-1,-1,1,-1,0.7539407999438441,50,0.3121812468798405,-1,-1,none,1,1,0.6167106503097293,0.5251243394345884,0,0,-1,-1,-1
LISWET9_Maros_Meszaros,0.006479811,30.415891374,30.422371185,solved,1.9999502874006484e-06,0.999945866231358,9.999458662351966e-07,9.652921908288369e-08,0.04597023509750679,4.597023510723951e-08,-0.0023864005529673107,0.47713563348641236,4.77135638490508e-07,0.6248785861550791,1267,63375,5,reflected halpern,1.118087161668963,-1,14.955140383130786,46.828655065900435,-1,-1,1,-1,0.7539407999438441,50,0.3121812468798405,-1,-1,none,1,1,0.6167106503097293,0.5251243394345884,0,0,-1,-1,-1
LOTSCHD_Maros_Meszaros,0.000116311,0.000102301,0.000218612,solved,2.3425836295224057e-05,0.18431027769466554,1.8431027769466552e-07,4.733552118245265e-06,0.06531417888771406,6.531417889956544e-08,-0.0014945231705496553,0.3114998079855903,3.114998081751541e-07,0.0015278426786339483,3,175,5,reflected halpern,1.118087161668963,-1,14.955140383130786,46.828655065900435,-1,-1,1,-1,0.7539407999438441,50,0.3121812468798405,-1,-1,none,1,1,0.6167106503097293,0.5251243394345884,0,0,-1,-1,-1
MOSARQP1_Maros_Meszaros,0.001726071,0.071300261,0.073026332,solved,2.8524315108802156e-06,0.9697477381403296,9.729438695312752e-07,1.8888342220335953e-06,0.5079860102661118,5.079860102072988e-07,-1.3523774053500044e-06,0.0007343807123602941,7.343809027267458e-10,0.11981618346181966,11,575,5,reflected halpern,1.118087161668963,-1,14.955140383130786,46.828655065900435,-1,-1,1,-1,0.7539407999438441,50,0.3121812468798405,-1,-1,none,1,1,0.6167106503097293,0.5251243394345884,0,0,-1,-1,-1
MOSARQP2_Maros_Meszaros,0.001204177,0.011609904,0.012814081000000001,solved,1.5547282163935027e-06,0.4143946220281498,4.345376845247896e-07,1.0705992543272764e-06,0.050774193362178546,5.077419337114493e-08,-2.571688023772407e-06,0.000851712341024521,8.517122876042739e-10,0.0459237000488103,4,225,5,reflected halpern,1.118087161668963,-1,14.955140383130786,46.828655065900435,-1,-1,1,-1,0.7539407999438441,50,0.3121812468798405,-1,-1,none,1,1,0.6167106503097293,0.5251243394345884,0,0,-1,-1,-1
POWELL20_Maros_Meszaros,0.00622501,213.399899823,213.406124833,solved,5.657115252688527e-06,0.0005656832407867999,5.656832407867998e-10,7.850970951039926e-05,0.010467612359469705,1.0467612359469704e-08,-104156.75009155273,0.9997859065695545,9.9978583626549e-07,822.4283033513702,9137,456850,5,reflected halpern,1.118087161668963,-1,14.955140383130786,46.828655065900435,-1,-1,1,-1,0.7539407999438441,50,0.3121812468798405,-1,-1,none,1,1,0.6167106503097293,0.5251243394345884,0,0,-1,-1,-1
PRIMAL1_Maros_Meszaros,0.001373489,0.002007822,0.0033813109999999997,solved,7.483445252365328e-09,0.005570863167984402,7.058375748065338e-09,2.825735222723117e-07,0.1412867446957911,1.4128674469579107e-07,5.166680659696166e-09,0.0049821077545953475,4.982107761286358e-09,0.00038478128836077173,1,75,5,reflected halpern,1.118087161668963,-1,14.955140383130786,46.828655065900435,-1,-1,1,-1,0.7539407999438441,50,0.3121812468798405,-1,-1,none,1,1,0.6167106503097293,0.5251243394345884,0,0,-1,-1,-1
PRIMAL2_Maros_Meszaros,0.002208434,0.001785781,0.003994215,solved,2.454347836078341e-11,8.98100707367804e-06,2.2890318926498684e-11,8.858220146984452e-13,4.429110073492226e-07,4.429110073492226e-13,8.925631067580042e-12,8.615499303571433e-06,8.615499303571433e-12,8.859201543484444e-06,1,50,5,reflected halpern,1.118087161668963,-1,14.955140383130786,46.828655065900435,-1,-1,1,-1,0.7539407999438441,50,0.3121812468798405,-1,-1,none,1,1,0.6167106503097293,0.5251243394345884,0,0,-1,-1,-1
PRIMAL3_Maros_Meszaros,0.008086651,0.005215263,0.013301914000000001,solved,2.6778038980657115e-08,0.019760762800652407,2.1929673299819832e-08,2.2411393630402537e-07,0.11205696815201269,1.1205696815201269e-07,-1.91902599921967e-08,0.016747645811001396,1.6747645835224125e-08,0.0005481925455871938,1,75,5,reflected halpern,1.118087161668963,-1,14.955140383130786,46.828655065900435,-1,-1,1,-1,0.7539407999438441,50,0.3121812468798405,-1,-1,none,1,1,0.6167106503097293,0.5251243394345884,0,0,-1,-1,-1
PRIMAL4_Maros_Meszaros,0.007386287,0.008168521,0.015554808,solved,2.292749667898164e-08,0.011031851394406572,1.103185135879404e-08,6.081792900333727e-07,0.30408964501668634,3.0408964501668634e-07,-2.2729215576333672e-07,0.12361429044387055,1.2361429056463092e-07,0.005902703628442615,2,125,5,reflected halpern,1.118087161668963,-1,14.955140383130786,46.828655065900435,-1,-1,1,-1,0.7539407999438441,50,0.3121812468798405,-1,-1,none,1,1,0.6167106503097293,0.5251243394345884,0,0,-1,-1,-1
Q25FV47_Maros_Meszaros,0.011447532,23.425595032,23.437042564,solved,0.00037981353554943125,0.07392317110229767,7.392317110013826e-08,0.009068295359127445,0.9349574645888591,9.349574645851015e-07,0.4047559283208102,0.01473079604430535,1.473079715436027e-08,11.133131958795293,1245,62275,5,reflected halpern,1.118087161668963,-1,14.955140383130786,46.828655065900435,-1,-1,1,-1,0.7539407999438441,50,0.3121812468798405,-1,-1,none,1,1,0.6167106503097293,0.5251243394345884,0,0,-1,-1,-1
QADLITTL_Maros_Meszaros,0.000157951,0.008711125,0.008869076,solved,4.9785925364088644e-05,0.01958955518175177,2.103334404904463e-08,0.002542712532129078,0.7191554896557485,7.191554896988806e-07,0.2454649528203845,0.45918744441789044,4.5918744449530306e-07,1.6208981042367023,46,2300,5,reflected halpern,1.118087161668963,-1,14.955140383130786,46.828655065900435,-1,-1,1,-1,0.7539407999438441,50,0.3121812468798405,-1,-1,none,1,1,0.6167106503097293,0.5251243394345884,0,0,-1,-1,-1
QAFIRO_Maros_Meszaros,0.000133731,0.000245981,0.000379712,solved,5.12626852522402e-07,0.003110041636107236,1.1391707833831156e-08,1.9060902478350155e-07,0.01732809314216812,1.7328093162120466e-08,2.0818152185464456e-06,0.49785594085179546,4.978559406659424e-07,0.03652604255583159,4,200,5,reflected halpern,1.118087161668963,-1,14.955140383130786,46.828655065900435,-1,-1,1,-1,0.7539407999438441,50,0.3121812468798405,-1,-1,none,1,1,0.6167106503097293,0.5251243394345884,0,0,-1,-1,-1
QBANDM_Maros_Meszaros,0.000697964,0.443096014,0.443793978,solved,0.000821869789198544,0.9734803859777286,9.734803859777282e-07,0.00014599592599838957,0.4288088477820526,4.288088477803945e-07,-0.016878990700206487,0.5120893229023366,5.120893227919644e-07,0.5003170398693908,399,19975,5,reflected halpern,1.118087161668963,-1,14.955140383130786,46.828655065900435,-1,-1,1,-1,0.7539407999438441,50,0.3121812468798405,-1,-1,none,1,1,0.6167106503097293,0.5251243394345884,0,0,-1,-1,-1
QBEACONF_Maros_Meszaros,0.000642404,0.058979622,0.059622026,solved,0.002453101428522192,0.8738824678969909,8.738824678969909e-07,0.0005313730336986503,0.59169650274021,5.91696502732291e-07,0.07528050275777787,0.25482502279880903,2.5482502289424705e-07,1.413241510366203,69,3450,5,reflected halpern,1.118087161668963,-1,14.955140383130786,46.828655065900435,-1,-1,1,-1,0.7539407999438441,50,0.3121812468798405,-1,-1,none,1,1,0.6167106503097293,0.5251243394345884,0,0,-1,-1,-1
QBRANDY_Maros_Meszaros,0.000510473,0.606394004,0.6069044769999999,solved,0.0026409966169906184,0.747437215604174,7.474372156041738e-07,0.0003955366576029986,0.7645320094557817,7.645320092496934e-07,0.016089966258732602,0.30267783541061133,3.0267783582122845e-07,1.1558136115612088,777,38875,5,reflected halpern,1.118087161668963,-1,14.955140383130786,46.828655065900435,-1,-1,1,-1,0.7539407999438441,50,0.3121812468798405,-1,-1,none,1,1,0.6167106503097293,0.5251243394345884,0,0,-1,-1,-1
QCAPRI_Maros_Meszaros,0.000634584,57.932181406,57.932815989999995,solved,4.230990656708387e-05,0.0017352367285257263,1.7352367286131444e-09,4.739095808186686e-05,0.0012702314722388896,1.2702314722389035e-09,-133.49751731131911,0.9993568635234701,9.99356864480894e-07,49.166631742112344,56717,2835875,5,reflected halpern,1.118087161668963,-1,14.955140383130786,46.828655065900435,-1,-1,1,-1,0.7539407999438441,50,0.3121812468798405,-1,-1,none,1,1,0.6167106503097293,0.5251243394345884,0,0,-1,-1,-1
QETAMACR_Maros_Meszaros,0.00328651,7.299601828,7.302888338,solved,1.8515655136674757e-06,0.000316912193148507,1.849715797869606e-09,3.1119474526030115e-05,0.03639127932196301,3.63912792864921e-08,0.1734164122421351,0.991844043542877,9.91844044268131e-07,47.38115543559954,1517,75875,5,reflected halpern,1.118087161668963,-1,14.955140383130786,46.828655065900435,-1,-1,1,-1,0.7539407999438441,50,0.3121812468798405,-1,-1,none,1,1,0.6167106503097293,0.5251243394345884,0,0,-1,-1,-1
QFFFFF80_Maros_Meszaros,0.002166984,11.242004427,11.244171411,solved,0.0056171775721409745,0.0067122716654699375,1.1947041334831705e-08,0.00047838099127009084,0.4396043879316199,4.396043879595963e-07,0.8016223656013608,0.6865852238552563,6.865852214622367e-07,338.4907868201491,3442,172125,5,reflected halpern,1.118087161668963,-1,14.955140383130786,46.828655065900435,-1,-1,1,-1,0.7539407999438441,50,0.3121812468798405,-1,-1,none,1,1,0.6167106503097293,0.5251243394345884,0,0,-1,-1,-1
QFORPLAN_Maros_Meszaros,0.001414379,68.546751136,68.548165515,solved,0.0002437202719045747,3.2970811544069675e-05,3.297081154406968e-11,0.0001650005265798889,0.00045008017801583666,4.5008017801583694e-10,-14913.078743000984,0.9999886612935663,9.999886611670129e-07,9.070377293095047,57132,2856600,5,reflected halpern,1.118087161668963,-1,14.955140383130786,46.828655065900435,-1,-1,1,-1,0.7539407999438441,50,0.3121812468798405,-1,-1,none,1,1,0.6167106503097293,0.5251243394345884,0,0,-1,-1,-1
QGFRDXPN_Maros_Meszaros,0.000788155,16.221873546,16.222661701,solved,0.06691087710734057,0.9558560178355665,9.5585601783832e-07,0.030463297520685266,0.039562672671182235,3.956267267118231e-08,-5161.659923765389,0.025606797650673026,2.5606798011291155e-08,27.674931799319623,9433,471650,5,reflected halpern,1.118087161668963,-1,14.955140383130786,46.828655065900435,-1,-1,1,-1,0.7539407999438441,50,0.3121812468798405,-1,-1,none,1,1,0.6167106503097293,0.5251243394345884,0,0,-1,-1,-1
QGROW15_Maros_Meszaros,0.001042817,238.06767491,238.068717727,solved,0.8754549446931712,0.6917348641297041,7.416996569366693e-07,7.648822321454363e-05,0.9983145563389291,9.983145563382045e-07,-18.485371872782707,0.18177507894328135,1.817750786502216e-07,91.56301238264653,125119,6255975,5,reflected halpern,1.118087161668963,-1,14.955140383130786,46.828655065900435,-1,-1,1,-1,0.7539407999438441,50,0.3121812468798405,-1,-1,none,1,1,0.6167106503097293,0.5251243394345884,0,0,-1,-1,-1
QGROW22_Maros_Meszaros,0.001442789,203.833294136,203.83473692500002,solved,0.4757937910540494,0.08174874896296379,4.071198008266702e-07,7.321520558866562e-05,0.9925671162566855,9.92567116237025e-07,-34.49918679147959,0.23056458852349002,2.3056458837410916e-07,219.76131627989162,71628,3581400,5,reflected halpern,1.118087161668963,-1,14.955140383130786,46.828655065900435,-1,-1,1,-1,0.7539407999438441,50,0.3121812468798405,-1,-1,none,1,1,0.6167106503097293,0.5251243394345884,0,0,-1,-1,-1
QGROW7_Maros_Meszaros,0.000572363,41.502382359,41.502954722000005,solved,1.0828075428521498,0.5355323120480301,9.9525724292971e-07,6.888335007315671e-05,0.8464077707884514,8.464077707925447e-07,-41.4929369026795,0.9694885020516004,9.694885020733609e-07,44.69531784464528,45456,2272800,5,reflected halpern,1.118087161668963,-1,14.955140383130786,46.828655065900435,-1,-1,1,-1,0.7539407999438441,50,0.3121812468798405,-1,-1,none,1,1,0.6167106503097293,0.5251243394345884,0,0,-1,-1,-1
QISRAEL_Maros_Meszaros,0.000521633,1.558081122,1.558602755,solved,0.025961767081354947,0.15907448451896783,1.5907448451896477e-07,0.007913153938952611,0.22402488786102914,2.2402488785645498e-07,13.029042781883616,0.25548250262335725,2.554825026524624e-07,2.215601486227639,2254,112725,5,reflected halpern,1.118087161668963,-1,14.955140383130786,46.828655065900435,-1,-1,1,-1,0.7539407999438441,50,0.3121812468798405,-1,-1,none,1,1,0.6167106503097293,0.5251243394345884,0,0,-1,-1,-1
QPCBLEND_Maros_Meszaros,0.000176261,0.008169571,0.008345832000000001,solved,1.7008149216100954e-07,0.16662182160902203,1.6662182161246235e-07,5.349182505702779e-07,0.0841066431821811,8.410664317142733e-08,-2.956614193839048e-07,0.29109527093954696,2.91095270910932e-07,0.00706386880925101,39,1950,5,reflected halpern,1.118087161668963,-1,14.955140383130786,46.828655065900435,-1,-1,1,-1,0.7539407999438441,50,0.3121812468798405,-1,-1,none,1,1,0.6167106503097293,0.5251243394345884,0,0,-1,-1,-1
QPCBOEI1_Maros_Meszaros,0.000982876,0.36565799,0.366640866,solved,0.003919463088605434,0.11292576892264486,1.1292576892264463e-07,0.0001430442845886202,0.031710362698757266,3.171032764326434e-08,-22.836218913957993,0.9925385742002969,9.92538572497635e-07,0.3939488991705447,286,14300,5,reflected halpern,1.118087161668963,-1,14.955140383130786,46.828655065900435,-1,-1,1,-1,0.7539407999438441,50,0.3121812468798405,-1,-1,none,1,1,0.6167106503097293,0.5251243394345884,0,0,-1,-1,-1
QPCBOEI2_Maros_Meszaros,0.000340372,18.828986116,18.829326488,solved,4.842628985575275e-07,5.1342546461633164e-05,5.1342546496769246e-11,2.0942201016726612e-06,0.0005796598664400717,5.796611628467608e-10,-16.344039247952374,0.9999791570401939,9.999791582723551e-07,83.36545440048823,41920,2096025,5,reflected halpern,1.118087161668963,-1,14.955140383130786,46.828655065900435,-1,-1,1,-1,0.7539407999438441,50,0.3121812468798405,-1,-1,none,1,1,0.6167106503097293,0.5251243394345884,0,0,-1,-1,-1
QPCSTAIR_Maros_Meszaros,0.000929566,0.126755014,0.12768458,solved,0.00010237805026627052,0.2641703971819545,3.9090511747334077e-07,0.0037843808591614928,0.8409427129112647,8.409427128771072e-07,-7.003515044758612,0.5643817406090627,5.643817411021901e-07,2.0636486671191485,81,4075,5,reflected halpern,1.118087161668963,-1,14.955140383130786,46.828655065900435,-1,-1,1,-1,0.7539407999438441,50,0.3121812468798405,-1,-1,none,1,1,0.6167106503097293,0.5251243394345884,0,0,-1,-1,-1
QPILOTNO_Maros_Meszaros,0.005587504,107.35799164,107.363579144,solved,0.017792773354937563,0.4589986694969693,4.5899866949697224e-07,0.004431038813385896,0.5083755658132355,5.083755658133304e-07,-9.330925501212477,0.9857919008154976,9.857919013350084e-07,28.60610907211893,14559,727975,5,reflected halpern,1.118087161668963,-1,14.955140383130786,46.828655065900435,-1,-1,1,-1,0.7539407999438441,50,0.3121812468798405,-1,-1,none,1,1,0.6167106503097293,0.5251243394345884,0,0,-1,-1,-1
QPTEST_Maros_Meszaros,3.166e-05,2.086e-05,5.252e-05,solved,8.047248258959743e-12,0.0,2.6824160863127187e-12,2.9616127240864356e-10,3.1011656302600304e-05,3.101165156087007e-11,8.702549791905766e-11,9.11261758307557e-06,9.112617583075568e-12,0.00023395172714730307,1,75,5,reflected halpern,1.118087161668963,-1,14.955140383130786,46.828655065900435,-1,-1,1,-1,0.7539407999438441,50,0.3121812468798405,-1,-1,none,1,1,0.6167106503097293,0.5251243394345884,0,0,-1,-1,-1
QRECIPE_Maros_Meszaros,0.000163421,0.002331414,0.002494835,solved,1.611889857144888e-06,0.04738990130342548,7.675665621411835e-08,1.0305399223038691e-07,0.03435132980896597,3.4351329808965966e-08,3.145500653545241e-05,0.11753782922699435,1.1753782922699434e-07,0.024555652197290275,6,300,5,reflected halpern,1.118087161668963,-1,14.955140383130786,46.828655065900435,-1,-1,1,-1,0.7539407999438441,50,0.3121812468798405,-1,-1,none,1,1,0.6167106503097293,0.5251243394345884,0,0,-1,-1,-1
QSC205_Maros_Meszaros,0.000212391,0.001725631,0.001938022,solved,7.788992756419032e-08,0.031480037573088024,3.1480037573447205e-08,4.933837909918036e-07,0.24669189541137726,2.466918954959018e-07,8.010140914039477e-07,0.7918056690361663,7.918056690299295e-07,0.003766789237769467,4,200,5,reflected halpern,1.118087161668963,-1,14.955140383130786,46.828655065900435,-1,-1,1,-1,0.7539407999438441,50,0.3121812468798405,-1,-1,none,1,1,0.6167106503097293,0.5251243394345884,0,0,-1,-1,-1
QSCAGR25_Maros_Meszaros,0.000425763,0.425977983,0.42640374600000003,solved,0.0220901698076209,0.19651795510479084,9.614407066536611e-07,0.05167242062226913,0.8368503617084477,8.368503617084721e-07,-23.751426486996934,0.05503952291274661,5.5039523669723804e-08,0.5824910691966453,437,21850,5,reflected halpern,1.118087161668963,-1,14.955140383130786,46.828655065900435,-1,-1,1,-1,0.7539407999438441,50,0.3121812468798405,-1,-1,none,1,1,0.6167106503097293,0.5251243394345884,0,0,-1,-1,-1
QSCFXM1_Maros_Meszaros,0.000744934,2.910530682,2.911275616,solved,0.014066976324611765,0.02108127093516744,9.089455266646099e-07,0.009134893955318324,0.38777873703455457,3.877787370345555e-07,-26.142062544822693,0.7748099114825657,7.748099114825655e-07,30.698940629837303,2311,115575,5,reflected halpern,1.118087161668963,-1,14.955140383130786,46.828655065900435,-1,-1,1,-1,0.7539407999438441,50,0.3121812468798405,-1,-1,none,1,1,0.6167106503097293,0.5251243394345884,0,0,-1,-1,-1
QSCFXM2_Maros_Meszaros,0.001423699,4.772996936,4.774420635,solved,0.014332675818318744,0.6490584842489834,9.161681187527524e-07,0.024187495352048734,0.7721518097104361,7.721518097103464e-07,-28.529139813035727,0.5139591643740525,5.139591637700446e-07,81.9174498312425,1905,95250,5,reflected halpern,1.118087161668963,-1,14.955140383130786,46.828655065900435,-1,-1,1,-1,0.7539407999438441,50,0.3121812468798405,-1,-1,none,1,1,0.6167106503097293,0.5251243394345884,0,0,-1,-1,-1
QSCFXM3_Maros_Meszaros,0.002000643,5.22342959,5.225430233,solved,0.012285027319647514,0.7855590747762649,7.855590747763365e-07,0.020183201445471505,0.5014958152343613,5.01495815234306e-07,8.618812216445804,0.13998258251709175,1.399825821238133e-07,124.75249045668912,1420,71025,5,reflected halpern,1.118087161668963,-1,14.955140383130786,46.828655065900435,-1,-1,1,-1,0.7539407999438441,50,0.3121812468798405,-1,-1,none,1,1,0.6167106503097293,0.5251243394345884,0,0,-1,-1,-1
QSCRS8_Maros_Meszaros,0.000980486,6.276585513,6.277565998999999,solved,9.379439193216775e-05,0.4336594607033097,4.4384703502797325e-07,0.00518639557712946,0.9773882249521131,9.773882249549676e-07,0.0001723046099556489,0.19021766010076585,1.9021766202416308e-07,76.63310572129681,3163,158175,5,reflected halpern,1.118087161668963,-1,14.955140383130786,46.828655065900435,-1,-1,1,-1,0.7539407999438441,50,0.3121812468798405,-1,-1,none,1,1,0.6167106503097293,0.5251243394345884,0,0,-1,-1,-1
QSCSD1_Maros_Meszaros,0.000710464,0.038936411,0.039646875,solved,1.7987164695062768e-06,0.8993582347545519,8.993582347531384e-07,8.815198507261535e-07,0.14691997500075113,1.4691997512102527e-07,-1.1368497665475985e-06,0.11760514749333446,1.1760514788382673e-07,2.3130158980030546,31,1575,5,reflected halpern,1.118087161668963,-1,14.955140383130786,46.828655065900435,-1,-1,1,-1,0.7539407999438441,50,0.3121812468798405,-1,-1,none,1,1,0.6167106503097293,0.5251243394345884,0,0,-1,-1,-1
QSCSD6_Maros_Meszaros,0.001132997,0.707215562,0.708348559,solved,4.445864210166344e-07,0.19433585826488253,1.9433585826488252e-07,5.469774885480279e-06,0.9995685294587195,9.995685295418821e-07,-9.337971574291029e-08,0.0017919454759211092,1.7919450200943732e-09,1.8230423574689485,313,15675,5,reflected halpern,1.118087161668963,-1,14.955140383130786,46.828655065900435,-1,-1,1,-1,0.7539407999438441,50,0.3121812468798405,-1,-1,none,1,1,0.6167106503097293,0.5251243394345884,0,0,-1,-1,-1
QSCSD8_Maros_Meszaros,0.002043763,0.143951609,0.145995372,solved,1.2235484525639041e-05,0.5206582524193472,5.206582524193472e-07,1.108272873188758e-05,0.635723133904775,6.357231339707166e-07,-0.0008766677822658302,0.8982907898477569,8.982907902418494e-07,0.6142488858573045,31,1550,5,reflected halpern,1.118087161668963,-1,14.955140383130786,46.828655065900435,-1,-1,1,-1,0.7539407999438441,50,0.3121812468798405,-1,-1,none,1,1,0.6167106503097293,0.5251243394345884,0,0,-1,-1,-1
QSEBA_Maros_Meszaros,0.001161988,9.005024266,9.006186254,solved,4.388443236180706e-05,0.005556768606671473,5.556768606671472e-09,0.0010000248205196047,0.031693202740695745,3.169320274069575e-08,-162.91624574890594,0.9998477225576833,9.998477221327922e-07,31.17922739310492,4837,241875,5,reflected halpern,1.118087161668963,-1,14.955140383130786,46.828655065900435,-1,-1,1,-1,0.7539407999438441,50,0.3121812468798405,-1,-1,none,1,1,0.6167106503097293,0.5251243394345884,0,0,-1,-1,-1
QSHARE1B_Maros_Meszaros,0.000274432,4.66370282,4.6639772520000005,solved,0.12680419299338194,0.0637915833334588,1.4255532538762383e-07,0.0016632162268756133,0.7032591951447829,7.032591951419263e-07,0.9910069509714958,0.6348002414909515,6.348002412718988e-07,385.0270632759365,9718,485925,5,reflected halpern,1.118087161668963,-1,14.955140383130786,46.828655065900435,-1,-1,1,-1,0.7539407999438441,50,0.3121812468798405,-1,-1,none,1,1,0.6167106503097293,0.5251243394345884,0,0,-1,-1,-1
QSHELL_Maros_Meszaros,0.005729926,1.27636649,1.2820964160000001,solved,0.12335030227725777,0.3909123609451049,4.3387216007243e-07,4.26713389028915,0.6822391117063812,6.822391117064482e-07,725674.6143861754,0.23081007591304817,2.3081007673039624e-07,2.6615182401543396,112,5625,5,reflected halpern,1.118087161668963,-1,14.955140383130786,46.828655065900435,-1,-1,1,-1,0.7539407999438441,50,0.3121812468798405,-1,-1,none,1,1,0.6167106503097293,0.5251243394345884,0,0,-1,-1,-1
QSHIP04L_Maros_Meszaros,0.002012893,0.333480651,0.33549354400000003,solved,4.50419315330615e-05,0.3546608782132103,3.5466087821308256e-07,0.0011760267768635875,0.14269138734032696,1.426913873044565e-07,0.18630632150235826,0.06332108408482516,6.332108423444231e-08,1.7162140649162423,110,5525,5,reflected halpern,1.118087161668963,-1,14.955140383130786,46.828655065900435,-1,-1,1,-1,0.7539407999438441,50,0.3121812468798405,-1,-1,none,1,1,0.6167106503097293,0.5251243394345884,0,0,-1,-1,-1
QSHIP04S_Maros_Meszaros,0.001279588,0.111009856,0.112289444,solved,0.00011201801476951939,0.814654714536676,8.820316123584201e-07,0.007302436724518839,0.883969589401888,8.839695894040292e-07,0.7390510544160007,0.2507661091128537,2.507661077533222e-07,1.2688854734721284,51,2550,5,reflected halpern,1.118087161668963,-1,14.955140383130786,46.828655065900435,-1,-1,1,-1,0.7539407999438441,50,0.3121812468798405,-1,-1,none,1,1,0.6167106503097293,0.5251243394345884,0,0,-1,-1,-1
QSHIP08L_Maros_Meszaros,0.01297033,3.30661073,3.31958106,solved,9.673526092667607e-05,0.6055969252010119,7.616949667274832e-07,0.0010440924261128077,0.12680354820908604,1.268035479863924e-07,0.2796992545298163,0.10100583052442094,1.0100582925658292e-07,2.5707907475342178,170,8500,5,reflected halpern,1.118087161668963,-1,14.955140383130786,46.828655065900435,-1,-1,1,-1,0.7539407999438441,50,0.3121812468798405,-1,-1,none,1,1,0.6167106503097293,0.5251243394345884,0,0,-1,-1,-1
QSHIP08S_Maros_Meszaros,0.003388831,0.597414933,0.600803764,solved,7.496297226074535e-05,0.5902596129968021,5.902596129968016e-07,0.003985221173290585,0.48400508640005707,4.840050864668415e-07,-0.853194262266465,0.30699070370656917,3.0699070534599945e-07,0.9709232509597535,84,4200,5,reflected halpern,1.118087161668963,-1,14.955140383130786,46.828655065900435,-1,-1,1,-1,0.7539407999438441,50,0.3121812468798405,-1,-1,none,1,1,0.6167106503097293,0.5251243394345884,0,0,-1,-1,-1
QSHIP12L_Maros_Meszaros,0.018447554,1.728193164,1.7466407179999999,solved,8.888394997268418e-05,0.6862288913276375,9.540344838995053e-07,0.003283897653236115,0.392293699838066,3.9229369988933986e-07,-0.18933022810253658,0.04148486189514701,4.148486607056523e-08,25.582519755223956,54,2725,5,reflected halpern,1.118087161668963,-1,14.955140383130786,46.828655065900435,-1,-1,1,-1,0.7539407999438441,50,0.3121812468798405,-1,-1,none,1,1,0.6167106503097293,0.5251243394345884,0,0,-1,-1,-1
QSHIP12S_Maros_Meszaros,0.003580203,0.361717926,0.365298129,solved,5.08609814695674e-05,0.4605665580214926,5.451950027330829e-07,0.007269147051172417,0.8689377535685253,8.689377536394855e-07,-0.16538187370781984,0.03580108106769707,3.580108242483783e-08,7.06698470965565,41,2050,5,reflected halpern,1.118087161668963,-1,14.955140383130786,46.828655065900435,-1,-1,1,-1,0.7539407999438441,50,0.3121812468798405,-1,-1,none,1,1,0.6167106503097293,0.5251243394345884,0,0,-1,-1,-1
QSIERRA_Maros_Meszaros,0.001808512,1.092275922,1.094084434,solved,0.04454168442661257,0.24401666686359164,4.4541239014222393e-07,0.059999999999999346,0.9505101069869156,9.505101069869155e-07,28.638909814146018,0.956267111656263,9.562671121915296e-07,78.36912705038553,277,13850,5,reflected halpern,1.118087161668963,-1,14.955140383130786,46.828655065900435,-1,-1,1,-1,0.7539407999438441,50,0.3121812468798405,-1,-1,none,1,1,0.6167106503097293,0.5251243394345884,0,0,-1,-1,-1
QSTAIR_Maros_Meszaros,0.001052327,3.838861701,3.839914028,solved,0.0002614429326793824,0.9982551832947727,9.98255183294772e-07,0.00010506233977900641,0.00261837217159567,2.618371995440035e-09,-5.156810966884388,0.3228795719921433,3.228795722023964e-07,13.507392680976617,2195,109750,5,reflected halpern,1.118087161668963,-1,14.955140383130786,46.828655065900435,-1,-1,1,-1,0.7539407999438441,50,0.3121812468798405,-1,-1,none,1,1,0.6167106503097293,0.5251243394345884,0,0,-1,-1,-1
QSTANDAT_Maros_Meszaros,0.000809435,0.307673352,0.30848278700000004,solved,1.3024586674413437e-05,0.0005122255513283273,1.3236356065192435e-08,4.451360790386216e-08,0.0003678804269710514,3.678804269137054e-10,0.011420485014923543,0.9919031429768679,9.919031435100655e-07,84.11804373072738,166,8325,5,reflected halpern,1.118087161668963,-1,14.955140383130786,46.828655065900435,-1,-1,1,-1,0.7539407999438441,50,0.3121812468798405,-1,-1,none,1,1,0.6167106503097293,0.5251243394345884,0,0,-1,-1,-1
S268_Maros_Meszaros,3.533e-05,9.8821e-05,0.000134151,solved,2.9937461788616806e-14,0.0,9.159740891662462e-16,0.005304829026330345,0.15511649546240905,1.551164954042617e-07,-0.026615756172583622,0.9201016715746005,9.201016711283253e-07,0.0007598954834024388,5,250,5,reflected halpern,1.118087161668963,-1,14.955140383130786,46.828655065900435,-1,-1,1,-1,0.7539407999438441,50,0.3121812468798405,-1,-1,none,1,1,0.6167106503097293,0.5251243394345884,0,0,-1,-1,-1
STCQP1_Maros_Meszaros,0.008623133,0.024579992,0.033203125,solved,5.917879793868703e-10,4.5522150151975125e-05,4.552215226052848e-11,6.760408558855304e-08,6.202096053784905e-05,6.202208963765642e-11,1.1658994480967522e-07,3.7312108987243846e-07,3.7574738210884455e-13,0.19241252518142807,1,75,5,reflected halpern,1.118087161668963,-1,14.955140383130786,46.828655065900435,-1,-1,1,-1,0.7539407999438441,50,0.3121812468798405,-1,-1,none,1,1,0.6167106503097293,0.5251243394345884,0,0,-1,-1,-1
STCQP2_Maros_Meszaros,0.01614426,0.04040024,0.0565445,solved,3.652192178958096e-11,2.617530124273169e-06,2.809378599198535e-12,1.6440726788548697e-08,5.989987695803924e-05,5.98993228337096e-11,3.1359377317130566e-08,7.618833378087946e-07,7.022491843361668e-13,0.37357317912573773,1,75,5,reflected halpern,1.118087161668963,-1,14.955140383130786,46.828655065900435,-1,-1,1,-1,0.7539407999438441,50,0.3121812468798405,-1,-1,none,1,1,0.6167106503097293,0.5251243394345884,0,0,-1,-1,-1
TAME_Maros_Meszaros,1.569e-05,1.459e-05,3.028e-05,solved,3.7026041796606356e-10,0.00018513024443348396,1.851302089487586e-10,2.4951142158955263e-09,0.0024951142096699317,2.4951142096699318e-09,-2.4951142158955268e-09,0.0024951142096699317,2.495114209669932e-09,5.458021952693235e-06,1,50,5,reflected halpern,1.118087161668963,-1,14.955140383130786,46.828655065900435,-1,-1,1,-1,0.7539407999438441,50,0.3121812468798405,-1,-1,none,1,1,0.6167106503097293,0.5251243394345884,0,0,-1,-1,-1
UBH1_Maros_Meszaros,0.011158019,16.279239624,16.290397643,solved,1.5235386285894492e-08,6.7374854665107895e-06,6.73748546651079e-12,1.54684224413712e-12,1.4788674012547656e-06,1.4788674012547656e-12,-3.229258829229309e-06,0.9991503614266012,9.99150361838812e-07,523.303256085092,482,24125,5,reflected halpern,1.118087161668963,-1,14.955140383130786,46.828655065900435,-1,-1,1,-1,0.7539407999438441,50,0.3121812468798405,-1,-1,none,1,1,0.6167106503097293,0.5251243394345884,0,0,-1,-1,-1
VALUES_Maros_Meszaros,0.000367142,0.017407168,0.01777431,solved,6.385801710312238e-07,0.47709185103563734,4.770918510356374e-07,1.528648587086647e-06,0.7720067784434098,7.720067784434097e-07,-4.3289008688773833e-07,0.11412131825116308,1.141213177828683e-07,0.026553254955407904,19,975,5,reflected halpern,1.118087161668963,-1,14.955140383130786,46.828655065900435,-1,-1,1,-1,0.7539407999438441,50,0.3121812468798405,-1,-1,none,1,1,0.6167106503097293,0.5251243394345884,0,0,-1,-1,-1
ZECEVIC2_Maros_Meszaros,1.378e-05,2.542e-05,3.9200000000000004e-05,solved,1.710821706524257e-08,0.0,4.5621912429203716e-09,2.724227154971004e-08,0.00681056788742751,6.81056788742751e-09,8.74108176951438e-08,0.016649679673584234,1.6649679673584234e-08,7.144445908008143e-05,2,100,5,reflected halpern,1.118087161668963,-1,14.955140383130786,46.828655065900435,-1,-1,1,-1,0.7539407999438441,50,0.3121812468798405,-1,-1,none,1,1,0.6167106503097293,0.5251243394345884,0,0,-1,-1,-1
30n20b8_MIPLIB,0.036518365,34.882323564000004,34.918841929,solved,6.565427798169652e-07,0.0032997449942259705,3.2997449942634623e-09,4.999022446336032e-07,0.004949527221256036,4.94952717459013e-09,-1.932116128200434e-06,0.7528475426791208,7.528476901947984e-07,1854.460005428703,1180,59025,5,reflected halpern,1.118087161668963,-1,14.955140383130786,46.828655065900435,-1,-1,1,-1,0.7539407999438441,50,0.3121812468798405,-1,-1,none,1,1,0.6167106503097293,0.5251243394345884,0,0,-1,-1,-1
50v-10_MIPLIB,0.001055457,0.121700372,0.122755829,solved,0.00040919163367892026,0.30355462440026815,3.035546243908904e-07,2.577671186416754e-05,0.03567118531634901,3.567118531459802e-08,0.0014732751311727578,0.5115405862166496,5.115405864180148e-07,2.2978122275530657,42,2100,5,reflected halpern,1.118087161668963,-1,14.955140383130786,46.828655065900435,-1,-1,1,-1,0.7539407999438441,50,0.3121812468798405,-1,-1,none,1,1,0.6167106503097293,0.5251243394345884,0,0,-1,-1,-1
academictimetablesmall_MIPLIB,0.670815767,16.854870842,17.525686609,solved,1.2492442383887533e-05,0.1538638183944473,1.542276837516971e-07,0.00011914310192688979,0.11843250688555848,1.1843250688557632e-07,3.8946164554357993e-07,0.3893619441818294,3.894613419276456e-07,1517.5074790615208,51,2575,5,reflected halpern,1.118087161668963,-1,14.955140383130786,46.828655065900435,-1,-1,1,-1,0.7539407999438441,50,0.3121812468798405,-1,-1,none,1,1,0.6167106503097293,0.5251243394345884,0,0,-1,-1,-1
air05_MIPLIB,0.028336746,53.774155641,53.802492387,solved,1.5698977558059862e-06,0.7212342167715878,7.84948801305763e-07,0.0025704047153249365,0.959106237073412,9.591062370615434e-07,0.014822752445171616,0.5727797263646869,5.727797244356459e-07,15.655911302189237,2395,119775,5,reflected halpern,1.118087161668963,-1,14.955140383130786,46.828655065900435,-1,-1,1,-1,0.7539407999438441,50,0.3121812468798405,-1,-1,none,1,1,0.6167106503097293,0.5251243394345884,0,0,-1,-1,-1
app1-1_MIPLIB,0.002737437,25.709717818,25.712455255000002,solved,2.2139091733763827e-06,0.5523308475342723,5.52330847534269e-07,1.8026545838961683e-06,0.9013272890320514,9.013272890320514e-07,6.137300303521442e-07,0.025760612672850812,2.5760613120214027e-08,2.433237542574822,3564,178225,5,reflected halpern,1.118087161668963,-1,14.955140383130786,46.828655065900435,-1,-1,1,-1,0.7539407999438441,50,0.3121812468798405,-1,-1,none,1,1,0.6167106503097293,0.5251243394345884,0,0,-1,-1,-1
app1-2_MIPLIB,0.034454791,299.967767787,300.002222578,solved inaccurate,2.3460406835301625e-06,0.5867114077624566,5.867114077624549e-07,2.1009729925663967e-06,1.0504864922201975,1.0504864922201973e-06,8.021301084681909e-06,0.030200491250563385,3.020049339073893e-08,41.79661645652962,3711,185580,5,reflected halpern,1.118087161668963,-1,14.955140383130786,46.828655065900435,-1,-1,1,-1,0.7539407999438441,50,0.3121812468798405,-1,-1,none,1,1,0.6167106503097293,0.5251243394345884,0,0,-1,-1,-1
assign1-5-8_MIPLIB,0.001185597,0.06741372,0.06859931699999999,solved,7.327824894725407e-06,0.1760579477662249,7.042280625344801e-07,1.3133876142212841e-06,0.656693375864169,6.56693375864169e-07,2.226576870612007e-05,0.12077162675307537,1.2077162736972344e-07,0.4314854765825152,38,1925,5,reflected halpern,1.118087161668963,-1,14.955140383130786,46.828655065900435,-1,-1,1,-1,0.7539407999438441,50,0.3121812468798405,-1,-1,none,1,1,0.6167106503097293,0.5251243394345884,0,0,-1,-1,-1
b1c1s1_MIPLIB,0.007478345,62.305330208,62.312808553,solved,0.004520905113948524,0.6018525978149629,6.027069874131612e-07,0.0011341404982368516,0.9443299176257838,9.443299176258343e-07,-0.002005294140960956,0.6992787870747299,6.992788158082687e-07,136.83341053294572,4928,246425,5,reflected halpern,1.118087161668963,-1,14.955140383130786,46.828655065900435,-1,-1,1,-1,0.7539407999438441,50,0.3121812468798405,-1,-1,none,1,1,0.6167106503097293,0.5251243394345884,0,0,-1,-1,-1
beasleyC3_MIPLIB,0.001500639,0.170945555,0.172446194,solved,1.6417525103014228e-05,0.19780150726519177,1.9780150726519177e-07,2.5976908257785425e-06,0.23615367309700372,2.3615367315756135e-07,-4.050598576586189e-05,0.977770876362154,9.777708763697125e-07,0.7501032609307585,44,2225,5,reflected halpern,1.118087161668963,-1,14.955140383130786,46.828655065900435,-1,-1,1,-1,0.7539407999438441,50,0.3121812468798405,-1,-1,none,1,1,0.6167106503097293,0.5251243394345884,0,0,-1,-1,-1
binkar10_1_MIPLIB,0.001505719,4.9677040340000005,4.969209753,solved,1.0168828420590271e-07,0.0011915667341441973,1.1915665438364252e-09,0.06645470879930584,0.06645464300921264,6.645464300920922e-08,-0.0019583644900365797,0.2950025112908906,2.9500251049884955e-07,20.72755981065759,1491,74550,5,reflected halpern,1.118087161668963,-1,14.955140383130786,46.828655065900435,-1,-1,1,-1,0.7539407999438441,50,0.3121812468798405,-1,-1,none,1,1,0.6167106503097293,0.5251243394345884,0,0,-1,-1,-1
bnatt400_MIPLIB,0.005059872,0.037761963,0.042821835,solved,7.978410174154352e-07,0.21718444640990048,2.1718444640990047e-07,1.0537167394880642e-07,0.05268583697440321,5.268583697440321e-08,-7.978410174154352e-07,0.797840381176047,7.97840380865654e-07,0.8218673777123399,3,175,5,reflected halpern,1.118087161668963,-1,14.955140383130786,46.828655065900435,-1,-1,1,-1,0.7539407999438441,50,0.3121812468798405,-1,-1,none,1,1,0.6167106503097293,0.5251243394345884,0,0,-1,-1,-1
bnatt500_MIPLIB,0.007101834,0.091612236,0.09871407,solved,6.178133906980272e-07,0.040417283300695335,1.9816664875531913e-07,3.959357131044783e-07,0.19796781736097466,1.9796781736097467e-07,6.178133906980272e-07,0.6178130086485821,6.178130090048772e-07,2.41192545328636,6,325,5,reflected halpern,1.118087161668963,-1,14.955140383130786,46.828655065900435,-1,-1,1,-1,0.7539407999438441,50,0.3121812468798405,-1,-1,none,1,1,0.6167106503097293,0.5251243394345884,0,0,-1,-1,-1
bppc4-08_MIPLIB,0.010084492,0.006096518,0.016181010000000003,solved,7.187107856094877e-08,0.00020871402041562853,1.3666301300347735e-09,1.8761114883858454e-09,0.0009380557433129741,9.38055743312974e-10,-7.947856062173742e-08,0.0015112869707760291,1.5112865654464606e-09,0.036644033112152676,1,75,5,reflected halpern,1.118087161668963,-1,14.955140383130786,46.828655065900435,-1,-1,1,-1,0.7539407999438441,50,0.3121812468798405,-1,-1,none,1,1,0.6167106503097293,0.5251243394345884,0,0,-1,-1,-1
cbs-cta_MIPLIB,0.025627408,4.004509489,4.030136897,solved,1.921605297118757e-08,1.870790041712216e-05,1.8707900417122153e-11,2.7820282460591902e-06,1.1566434589398692e-05,1.1566434589438103e-11,-1.4877953563767768e-07,48.0118574781432,1.4877950933671987e-07,2408.8545959195767,99,4950,5,reflected halpern,1.118087161668963,-1,14.955140383130786,46.828655065900435,-1,-1,1,-1,0.7539407999438441,50,0.3121812468798405,-1,-1,none,1,1,0.6167106503097293,0.5251243394345884,0,0,-1,-1,-1
chromaticindex1024-7_MIPLIB,0.115857205,0.396636838,0.512494043,solved,2.0317081350640365e-14,1.0158540675320164e-08,1.0158540675320165e-14,6.819478315378547e-11,3.4097391575730095e-05,3.40973915757301e-11,-3.0546587481694587e-10,7.636502540847395e-05,7.636646869840574e-11,78.56742665476277,1,75,5,reflected halpern,1.118087161668963,-1,14.955140383130786,46.828655065900435,-1,-1,1,-1,0.7539407999438441,50,0.3121812468798405,-1,-1,none,1,1,0.6167106503097293,0.5251243394345884,0,0,-1,-1,-1
chromaticindex512-7_MIPLIB,0.050378671,0.169733108,0.220111779,solved,2.2426505097428162e-14,2.6645352591003687e-09,1.1213252548714051e-14,1.5542012121727566e-12,7.77100606086361e-07,7.771006060863609e-13,1.928412984852912e-10,4.821110177743927e-05,4.821032462132203e-11,23.448566618207288,1,75,5,reflected halpern,1.118087161668963,-1,14.955140383130786,46.828655065900435,-1,-1,1,-1,0.7539407999438441,50,0.3121812468798405,-1,-1,none,1,1,0.6167106503097293,0.5251243394345884,0,0,-1,-1,-1
cmflsp50-24-8-8_MIPLIB,0.038954201,114.217578288,114.256532489,solved,0.0006432086223323598,0.3732639174898388,3.732639172735549e-07,9.246506149615907,0.8342639477539169,8.342639477300359e-07,-29.879759026026974,0.5469168046513959,5.469168043323923e-07,45.87857822372807,2846,142300,5,reflected halpern,1.118087161668963,-1,14.955140383130786,46.828655065900435,-1,-1,1,-1,0.7539407999438441,50,0.3121812468798405,-1,-1,none,1,1,0.6167106503097293,0.5251243394345884,0,0,-1,-1,-1
cod105_MIPLIB,0.155210791,0.040653874,0.195864665,solved,1.1063827631829781e-10,0.0,5.5319138159148906e-11,6.736167179610675e-12,3.368083589793994e-06,3.368083589793994e-12,2.120025044405338e-09,0.0001099261192353253,1.0992722452402537e-10,0.0010302353523738354,1,50,5,reflected halpern,1.118087161668963,-1,14.955140383130786,46.828655065900435,-1,-1,1,-1,0.7539407999438441,50,0.3121812468798405,-1,-1,none,1,1,0.6167106503097293,0.5251243394345884,0,0,-1,-1,-1
comp07-2idx_MIPLIB,0.15829744,7.669894016,7.828191456,solved,4.1860019418313234e-10,1.760823733912955e-05,2.1766333214739534e-11,8.40909675225987e-09,0.000137854026918577,1.3785404511895444e-10,-9.402810133091279e-07,0.9402775989894755,9.402785084817476e-07,2638.0413982186274,82,4125,5,reflected halpern,1.118087161668963,-1,14.955140383130786,46.828655065900435,-1,-1,1,-1,0.7539407999438441,50,0.3121812468798405,-1,-1,none,1,1,0.6167106503097293,0.5251243394345884,0,0,-1,-1,-1
comp21-2idx_MIPLIB,0.067888815,2.938790342,3.0066791569999998,solved,3.5004326085778692e-09,0.00023862084835417577,2.3862084835417576e-10,1.7617165314065542e-07,0.0016464640491974784,1.6464640480301878e-09,2.976705034575495e-07,0.2976715514924945,2.9767001494681326e-07,1162.4216737936956,54,2725,5,reflected halpern,1.118087161668963,-1,14.955140383130786,46.828655065900435,-1,-1,1,-1,0.7539407999438441,50,0.3121812468798405,-1,-1,none,1,1,0.6167106503097293,0.5251243394345884,0,0,-1,-1,-1
cryptanalysiskb128n5obj14_MIPLIB,0.248870556,11.849328958,12.098199514,solved,7.51126784326317e-06,0.5007511895508578,5.007511895508578e-07,1.7117397815494379e-09,0.0017117397786193848,1.7117397786193847e-09,3.851763352713533e-11,3.828226624444927e-05,3.8517633525651724e-11,608.835983240708,49,2475,5,reflected halpern,1.118087161668963,-1,14.955140383130786,46.828655065900435,-1,-1,1,-1,0.7539407999438441,50,0.3121812468798405,-1,-1,none,1,1,0.6167106503097293,0.5251243394345884,0,0,-1,-1,-1
cryptanalysiskb128n5obj16_MIPLIB,0.256876877,12.683161394,12.940038271,solved,7.463950784547535e-06,0.43905592850277814,4.390559285027782e-07,1.3125322853057826e-09,0.0013125322835830417,1.3125322835830416e-09,2.62501131942372e-11,2.6001423236045095e-05,2.6250113193548134e-11,599.3752252944846,52,2625,5,reflected halpern,1.118087161668963,-1,14.955140383130786,46.828655065900435,-1,-1,1,-1,0.7539407999438441,50,0.3121812468798405,-1,-1,none,1,1,0.6167106503097293,0.5251243394345884,0,0,-1,-1,-1
csched008_MIPLIB,0.002156754,0.181967948,0.184124702,solved,0.00015488823945020158,0.9005144616831986,9.005144616831984e-07,1.2068446866297933e-06,0.6034223433148966,6.034223433148966e-07,-0.00011330038145729304,0.6587237684694555,6.587237686346981e-07,5.583397673643825,44,2225,5,reflected halpern,1.118087161668963,-1,14.955140383130786,46.828655065900435,-1,-1,1,-1,0.7539407999438441,50,0.3121812468798405,-1,-1,none,1,1,0.6167106503097293,0.5251243394345884,0,0,-1,-1,-1
cvs16r128-89_MIPLIB,0.007336256,5.989188213,5.996524469000001,solved,1.0288362961574649e-07,0.011431510056561702,1.14315100565617e-08,1.3893413324250758e-06,0.6946701836455387,6.946701836455386e-07,0.00012233767506586446,0.9483527678528064,9.483527685137753e-07,50.02794221896389,480,24000,5,reflected halpern,1.118087161668963,-1,14.955140383130786,46.828655065900435,-1,-1,1,-1,0.7539407999438441,50,0.3121812468798405,-1,-1,none,1,1,0.6167106503097293,0.5251243394345884,0,0,-1,-1,-1
dano3_3_MIPLIB,0.310502423,254.763855475,255.07435789800002,solved,0.0013846364144356222,0.9103460988190114,9.103460975908103e-07,1.050019335180043e-06,0.5250096677693237,5.250096675828653e-07,3.5720232858693635e-05,0.061881976670373595,6.188197568561433e-08,1978.4524709335783,2486,124300,5,reflected halpern,1.118087161668963,-1,14.955140383130786,46.828655065900435,-1,-1,1,-1,0.7539407999438441,50,0.3121812468798405,-1,-1,none,1,1,0.6167106503097293,0.5251243394345884,0,0,-1,-1,-1
dano3_5_MIPLIB,0.313268088,254.45063273,254.763900818,solved,0.0013846364144356222,0.9103460988190114,9.103460975908103e-07,1.050019335180043e-06,0.5250096677693237,5.250096675828653e-07,3.5720232858693635e-05,0.061881976670373595,6.188197568561433e-08,1977.502673030721,2486,124300,5,reflected halpern,1.118087161668963,-1,14.955140383130786,46.828655065900435,-1,-1,1,-1,0.7539407999438441,50,0.3121812468798405,-1,-1,none,1,1,0.6167106503097293,0.5251243394345884,0,0,-1,-1,-1
decomp2_MIPLIB,0.016762464,7.108129623,7.124892087,solved,3.1187292956480483e-07,0.0010028068711213675,1.002806871352897e-09,3.0376777537810535e-07,0.0276152512215244,2.7615251544498352e-08,-0.00011372233618529809,0.7063494238467802,7.063494258159571e-07,311.3618677911311,196,9825,5,reflected halpern,1.118087161668963,-1,14.955140383130786,46.828655065900435,-1,-1,1,-1,0.7539407999438441,50,0.3121812468798405,-1,-1,none,1,1,0.6167106503097293,0.5251243394345884,0,0,-1,-1,-1
dws008-01_MIPLIB,0.010906678,0.239693274,0.250599952,solved,3.505838597206434e-08,0.0005654578380118361,5.654578380118363e-10,3.1621170528594434e-05,0.011091255894059857,1.1091255885151986e-08,-0.00022360122154955336,0.38189837317767517,3.818977560322471e-07,32.211458362632214,10,525,5,reflected halpern,1.118087161668963,-1,14.955140383130786,46.828655065900435,-1,-1,1,-1,0.7539407999438441,50,0.3121812468798405,-1,-1,none,1,1,0.6167106503097293,0.5251243394345884,0,0,-1,-1,-1
eil33-2_MIPLIB,0.007225854,11.829112331,11.836338184999999,solved,1.5939885066827036e-06,0.7969942475722973,7.969942475722972e-07,0.00040559411515321087,0.9791011524831168,9.791011523864556e-07,-0.0005194793421449973,0.6395330114460088,6.39533011533178e-07,44.83476851377375,1009,50450,5,reflected halpern,1.118087161668963,-1,14.955140383130786,46.828655065900435,-1,-1,1,-1,0.7539407999438441,50,0.3121812468798405,-1,-1,none,1,1,0.6167106503097293,0.5251243394345884,0,0,-1,-1,-1
enlight_hard_MIPLIB,0.000217411,0.001296168,0.0015135790000000001,solved,2.3551507169888815e-07,0.0743302463306846,1.1775753583883525e-07,2.5922684959867067e-09,0.0012961342479933379,1.2961342479933379e-09,3.969399336272532e-07,0.3969397795519947,3.969397795519948e-07,0.02639425702672618,3,175,5,reflected halpern,1.118087161668963,-1,14.955140383130786,46.828655065900435,-1,-1,1,-1,0.7539407999438441,50,0.3121812468798405,-1,-1,none,1,1,0.6167106503097293,0.5251243394345884,0,0,-1,-1,-1
