problem name,setup time,solve time,run time,status,primal residual,primal ratio,dual residual,dual ratio,duality gap,duality gap ratio,integral_sum,restart,iterations,task_id,restart_type,alpha,rho_is_vec,adaptive_rho_tolerance_greater,adaptive_rho_tolerance_less,rho_custom_condition,rho_custom_tolerance,adapt_rho_on_restart,custom_average_rest,beta,ini_rest_len,lambd,xi,vector_rho_in_averaged_KKT,halpern_scheme,alpha_adjustment_reflected_halpern,adaptive_rest,restart_necessary,restart_artificial,halpern_step_first_inner_iter,pid_controller,KP,KI
AUG2D,0.02288192,0.042315189,0.065197109,solved,2.9319431016361364e-07,0.008160942491842814,1.3470327075992827e-09,3.856761245780278e-05,-0.5783348376862705,0.17036789627084592,9.802083089277041e-06,1,50,0,-1,-1,-1,-1,-1,-1,-1,-1,-1,-1,-1,-1,-1,-1,-1,-1,-1,-1,-1,-1,-1,-1,-1
AUG2DC,0.021452102,0.088635404,0.110087506,solved,5.313179678445579e-07,0.01493355750499778,1.3388268271796733e-09,3.762991019112429e-05,-1.1331527410075068,0.30830879448364895,1.3118483666233424e-05,1,50,0,-1,-1,-1,-1,-1,-1,-1,-1,-1,-1,-1,-1,-1,-1,-1,-1,-1,-1,-1,-1,-1,-1,-1
AUG2DCQP,0.01777424,1.506123946,1.523898186,solved,1.0397068395946911e-05,0.0001557154871599583,1.8189079566965916e-05,0.2743615958491568,-2.0773785412311554,0.15073107521023701,1.9881499287729565,34,1700,0,-1,-1,-1,-1,-1,-1,-1,-1,-1,-1,-1,-1,-1,-1,-1,-1,-1,-1,-1,-1,-1,-1,-1
AUG2DQP,0.017734489,1.333421697,1.3511561859999999,solved,1.0612235826904308e-06,1.5827784237199858e-05,1.3634960904990553e-08,0.00020782296594658883,0.2973355296999216,0.02246381169585294,1.3479944826415502,30,1525,0,-1,-1,-1,-1,-1,-1,-1,-1,-1,-1,-1,-1,-1,-1,-1,-1,-1,-1,-1,-1,-1,-1,-1
AUG3D,0.00480049,0.007541126,0.012341616,solved,1.773713176334013e-09,0.00044210119556468535,1.34712951904703e-09,0.00033577445265537033,1.917952204166795e-06,0.0005071055145829634,1.3783296722447922e-06,1,50,0,-1,-1,-1,-1,-1,-1,-1,-1,-1,-1,-1,-1,-1,-1,-1,-1,-1,-1,-1,-1,-1,-1,-1
AUG3DC,0.003520732,0.007695427,0.011216159,solved,1.5837124944795278e-09,0.0004188520490350077,1.339033217639951e-09,0.0003541405456416212,1.5840953437873395e-06,0.0003433930443944192,1.2353317970409776e-06,1,50,0,-1,-1,-1,-1,-1,-1,-1,-1,-1,-1,-1,-1,-1,-1,-1,-1,-1,-1,-1,-1,-1,-1,-1
AUG3DCQP,0.003636053,0.06360564,0.067241693,solved,1.3754142983435358e-06,0.31909066951189463,1.981549910268221e-06,0.4597117307128605,-0.0002282186746924708,0.03556699465468957,0.0010279205261972753,2,100,0,-1,-1,-1,-1,-1,-1,-1,-1,-1,-1,-1,-1,-1,-1,-1,-1,-1,-1,-1,-1,-1,-1,-1
AUG3DQP,0.003536962,0.01639321,0.019930172,solved,2.240570719454255e-08,0.0050421366959303065,3.238374536164501e-07,0.07287574965693774,1.3051908354100306e-07,2.6844887631964982e-05,0.0007254808284042222,2,100,0,-1,-1,-1,-1,-1,-1,-1,-1,-1,-1,-1,-1,-1,-1,-1,-1,-1,-1,-1,-1,-1,-1,-1
BOYD1,0.096378361,124.075495556,124.17187391700001,maximum iterations reached,0.2534011010436554,7.825520833330635e-08,24.69806095537902,312.3448470644705,-668.9057533239297,1.987657708501029,47.717522826067025,500,25000,0,-1,-1,-1,-1,-1,-1,-1,-1,-1,-1,-1,-1,-1,-1,-1,-1,-1,-1,-1,-1,-1,-1,-1
CONT-050,0.005949557,0.501339219,0.507288776,solved,1.705858972991107e-06,0.37907962801964296,8.642149236889885e-10,0.0008630067135400962,-3.7096939503527436e-06,0.3890236217737272,0.012134922874141764,35,1775,0,-1,-1,-1,-1,-1,-1,-1,-1,-1,-1,-1,-1,-1,-1,-1,-1,-1,-1,-1,-1,-1,-1,-1
CONT-100,0.039935236,11.049985944,11.08992118,solved,4.693003581885346e-07,0.10428895759718952,8.395682638712067e-10,0.000839274535736468,1.814136972465974e-06,0.18768522248918207,0.9492601089008613,172,8625,0,-1,-1,-1,-1,-1,-1,-1,-1,-1,-1,-1,-1,-1,-1,-1,-1,-1,-1,-1,-1,-1,-1,-1
CONT-101,0.046440246,15.475372775,15.521813021,solved,6.510390759516275e-07,0.001049838426150946,8.806659717633145e-11,8.798373183192507e-05,2.4014785536818906e-06,0.9745173871835531,493.45607186663585,223,11175,0,-1,-1,-1,-1,-1,-1,-1,-1,-1,-1,-1,-1,-1,-1,-1,-1,-1,-1,-1,-1,-1,-1,-1
CVXQP1_L,1.240916807,49.721710494,50.962627301,solved,6.998269645727081e-06,0.1882289774890853,0.007739057546966185,0.06346714231035484,-22.959303229564775,0.10560390504015123,4.545689645387452,168,8400,0,-1,-1,-1,-1,-1,-1,-1,-1,-1,-1,-1,-1,-1,-1,-1,-1,-1,-1,-1,-1,-1,-1,-1
CVXQP1_M,0.005832466,0.114148433,0.11998089899999999,solved,6.439011063473256e-06,0.9198587218331781,0.0004862270140165176,0.040744283184908414,-0.013070916291326284,0.006009556886908333,0.02175847965158581,12,625,0,-1,-1,-1,-1,-1,-1,-1,-1,-1,-1,-1,-1,-1,-1,-1,-1,-1,-1,-1,-1,-1,-1,-1
CVXQP1_S,0.000192131,0.002292294,0.0024844249999999997,solved,2.6524925324401887e-06,0.37892750437638867,0.0008509451113144782,0.759012902550827,-0.0008419206569669768,0.036317177886000813,2.3808092435160932e-05,8,425,0,-1,-1,-1,-1,-1,-1,-1,-1,-1,-1,-1,-1,-1,-1,-1,-1,-1,-1,-1,-1,-1,-1,-1
CVXQP2_L,0.829494582,7.768212751,8.597707333,solved,6.054662176221107e-06,0.8649517381166195,6.960751203468258e-05,0.0005219334046402073,-0.0026807686271342643,1.638605102312615e-05,0.5084904630854676,33,1650,0,-1,-1,-1,-1,-1,-1,-1,-1,-1,-1,-1,-1,-1,-1,-1,-1,-1,-1,-1,-1,-1,-1,-1
CVXQP2_M,0.003991985,0.019795962,0.023787947,solved,3.6776095662963433e-06,0.5253727947039448,9.86873119352212e-05,0.008783246728065852,-0.0007886774837970734,0.00048080706130164755,0.001555753655358129,3,175,0,-1,-1,-1,-1,-1,-1,-1,-1,-1,-1,-1,-1,-1,-1,-1,-1,-1,-1,-1,-1,-1,-1,-1
CVXQP2_S,0.000196821,0.000349133,0.000545954,solved,1.2450216137444721e-08,0.000944889688297231,2.4171390260828038e-05,0.024104147804175056,-1.129508382291533e-05,0.0006953867262168533,4.460660769374831e-06,1,75,0,-1,-1,-1,-1,-1,-1,-1,-1,-1,-1,-1,-1,-1,-1,-1,-1,-1,-1,-1,-1,-1,-1,-1
CVXQP3_L,1.5934799499999999,80.318525782,81.912005732,solved,6.93859729104907e-06,0.9912278709939377,0.009565254231084966,0.0789708511582229,-72.05685096750953,0.31136535824449557,1.4411350387529638,240,12000,0,-1,-1,-1,-1,-1,-1,-1,-1,-1,-1,-1,-1,-1,-1,-1,-1,-1,-1,-1,-1,-1,-1,-1
CVXQP3_M,0.006570441,0.478440428,0.48501086899999996,solved,5.32068541565988e-07,0.0726971716548469,0.008258332203936902,0.6831670621142514,-0.05290418164804578,0.019409682864957138,0.028888583074897327,60,3000,0,-1,-1,-1,-1,-1,-1,-1,-1,-1,-1,-1,-1,-1,-1,-1,-1,-1,-1,-1,-1,-1,-1,-1
CVXQP3_S,0.000210731,0.000613144,0.0008238750000000001,solved,5.7154576568689595e-06,0.8164939437645373,0.0005429047784808032,0.48656111364899396,-0.001562199839099776,0.0653972189008057,5.5994658548547735e-06,2,100,0,-1,-1,-1,-1,-1,-1,-1,-1,-1,-1,-1,-1,-1,-1,-1,-1,-1,-1,-1,-1,-1,-1,-1
DPKLO1,0.000265912,0.000546573,0.0008124849999999999,solved,6.524692980467277e-08,0.0017383502486469674,8.613375387015631e-08,0.06373403932964959,9.837812046109562e-07,0.5653289740454245,5.1703323910007705e-05,1,50,0,-1,-1,-1,-1,-1,-1,-1,-1,-1,-1,-1,-1,-1,-1,-1,-1,-1,-1,-1,-1,-1,-1,-1
DTOC3,0.00813885,0.208520665,0.216659515,solved,3.1691644863940382e-09,0.00018924342169108273,5.680881112746228e-13,5.645323483916392e-07,-0.00021497689698435352,0.4559185905313387,0.009652267358552452,7,350,0,-1,-1,-1,-1,-1,-1,-1,-1,-1,-1,-1,-1,-1,-1,-1,-1,-1,-1,-1,-1,-1,-1,-1
DUAL1,0.000371203,0.000826395,0.001197598,solved,4.2172907670453484e-09,0.0012474421083259685,1.1735761827320929e-07,0.10780362336564185,6.908460047777565e-08,0.06661664773476576,1.890126441881954e-05,1,50,0,-1,-1,-1,-1,-1,-1,-1,-1,-1,-1,-1,-1,-1,-1,-1,-1,-1,-1,-1,-1,-1,-1,-1
DUAL2,0.000394783,0.001047136,0.0014419189999999998,solved,1.7181937387498017e-09,0.0008590972370550458,8.551818046359723e-08,0.07975798710643339,7.743254176045822e-08,0.07474206100340487,2.966768888663386e-05,1,50,0,-1,-1,-1,-1,-1,-1,-1,-1,-1,-1,-1,-1,-1,-1,-1,-1,-1,-1,-1,-1,-1,-1,-1
DUAL3,0.000522203,0.001400399,0.001922602,solved,6.146292660025998e-09,0.003073146327327843,2.2753850918425693e-07,0.1863409485932421,2.1341679032338412e-07,0.18625226975807765,8.836043125686374e-05,1,50,0,-1,-1,-1,-1,-1,-1,-1,-1,-1,-1,-1,-1,-1,-1,-1,-1,-1,-1,-1,-1,-1,-1,-1
DUAL4,0.000215851,0.000652884,0.0008687349999999999,solved,6.173375399307636e-08,0.0251814673216176,2.766849389944605e-07,0.1258401995915205,2.111747851030188e-07,0.11484876715977818,2.6281013913491586e-05,1,50,0,-1,-1,-1,-1,-1,-1,-1,-1,-1,-1,-1,-1,-1,-1,-1,-1,-1,-1,-1,-1,-1,-1,-1
DUALC1,0.000141321,0.004731009,0.00487233,solved,1.2376726850070172e-08,6.105933326370496e-06,0.2467839169517826,0.07323918960481125,0.004323018453931082,0.4184561568789251,0.003128644452345609,14,700,0,-1,-1,-1,-1,-1,-1,-1,-1,-1,-1,-1,-1,-1,-1,-1,-1,-1,-1,-1,-1,-1,-1,-1
DUALC2,0.00011948,0.001723011,0.001842491,solved,1.6144107354559918e-08,4.659617612078597e-06,0.0074792132947999026,0.02835013212192986,-0.001431395862414625,0.3028247325127486,0.0006544548505511456,5,275,0,-1,-1,-1,-1,-1,-1,-1,-1,-1,-1,-1,-1,-1,-1,-1,-1,-1,-1,-1,-1,-1,-1,-1
DUALC5,0.000158201,0.000624604,0.0007828049999999999,solved,3.542607445958433e-08,4.331824910628921e-05,3.1717560038309495e-06,0.0017818343204249647,-1.6643495489686244e-05,0.0360979203063562,0.00048524082839932305,1,75,0,-1,-1,-1,-1,-1,-1,-1,-1,-1,-1,-1,-1,-1,-1,-1,-1,-1,-1,-1,-1,-1,-1,-1
DUALC8,0.000230401,0.001126317,0.001356718,solved,3.0321538203843975e-08,1.5119273956817295e-05,0.010200111492801164,0.0734677640265086,0.006519697276938866,0.19630318046269157,0.0006673606917649065,1,75,0,-1,-1,-1,-1,-1,-1,-1,-1,-1,-1,-1,-1,-1,-1,-1,-1,-1,-1,-1,-1,-1,-1,-1
EXDATA,0.356871479,6.603327822,6.960199300999999,solved,1.2244061714739018e-05,0.4925857614557952,2.648344611141593e-06,0.535763760110258,-9.55822998344642e-05,0.39116275811474854,2.213768021214702,23,1150,0,-1,-1,-1,-1,-1,-1,-1,-1,-1,-1,-1,-1,-1,-1,-1,-1,-1,-1,-1,-1,-1,-1,-1
GENHS28,7.8661e-05,3.232e-05,0.000110981,solved,1.3897433450027083e-09,0.0006948716042177621,3.5902620876271385e-09,0.001457928168657956,6.971083266194e-09,0.0024422686899443716,2.633683160689454e-08,1,50,0,-1,-1,-1,-1,-1,-1,-1,-1,-1,-1,-1,-1,-1,-1,-1,-1,-1,-1,-1,-1,-1,-1,-1
GOULDQP2,0.000391532,0.057553105,0.057944637,solved,3.362634615200477e-05,0.9825800928325433,3.697312164659926e-10,0.00036969371308401554,-3.3617897852826484e-07,0.3360550153716021,4.47479741674725e-05,43,2175,0,-1,-1,-1,-1,-1,-1,-1,-1,-1,-1,-1,-1,-1,-1,-1,-1,-1,-1,-1,-1,-1,-1,-1
GOULDQP3,0.000476403,0.001320538,0.001796941,solved,4.022339350484572e-09,9.993128810998864e-05,1.631459897021014e-08,0.00047672166095577166,9.870644577492093e-07,1.661019647639594e-05,4.006640175302311e-08,1,50,0,-1,-1,-1,-1,-1,-1,-1,-1,-1,-1,-1,-1,-1,-1,-1,-1,-1,-1,-1,-1,-1,-1,-1
HS118,9.494e-05,0.000515163,0.000610103,solved,1.8258021423633863e-06,0.018077248990159996,5.113051284588721e-08,0.015486586115032267,-1.5084033293533137e-06,0.0022582888142510258,3.4517238940443167e-06,13,675,0,-1,-1,-1,-1,-1,-1,-1,-1,-1,-1,-1,-1,-1,-1,-1,-1,-1,-1,-1,-1,-1,-1,-1
HS21,1.191e-05,1.9851e-05,3.1760999999999996e-05,solved,7.621471044541431e-07,0.036292732444186876,1.874919494353522e-08,0.01802807232826909,7.012517330706736e-09,0.0064930719562249556,2.5179608968094346e-07,1,75,0,-1,-1,-1,-1,-1,-1,-1,-1,-1,-1,-1,-1,-1,-1,-1,-1,-1,-1,-1,-1,-1,-1,-1
HS268,2.221e-05,9.944e-05,0.00012165,solved,2.9937461788616806e-14,0.0,0.005304829026330345,0.15511649546240905,-0.026615756172583622,0.9201016715746005,1.080505109847806e-06,5,250,0,-1,-1,-1,-1,-1,-1,-1,-1,-1,-1,-1,-1,-1,-1,-1,-1,-1,-1,-1,-1,-1,-1,-1
HS35,1.246e-05,1.544e-05,2.79e-05,solved,8.632117123050005e-11,0.0,1.7898321713616383e-11,1.988705496576889e-06,1.770514761034759e-12,9.78726302463712e-08,2.221118863098744e-11,1,50,0,-1,-1,-1,-1,-1,-1,-1,-1,-1,-1,-1,-1,-1,-1,-1,-1,-1,-1,-1,-1,-1,-1,-1
HS35MOD,1.235e-05,1.513e-05,2.748e-05,solved,6.93985105987867e-10,0.00017349627287476554,7.3020380852994996e-09,0.000811337564912012,4.96574115365242e-09,0.0002758744960243479,3.727112410912132e-09,1,50,0,-1,-1,-1,-1,-1,-1,-1,-1,-1,-1,-1,-1,-1,-1,-1,-1,-1,-1,-1,-1,-1,-1,-1
HS51,2.275e-05,1.863e-05,4.138e-05,solved,6.000127132139516e-09,0.0012000254997511877,2.089465737631865e-08,0.0041789315308863855,2.7803403478299667e-08,0.0021387234224548315,2.6964706836533358e-08,1,50,0,-1,-1,-1,-1,-1,-1,-1,-1,-1,-1,-1,-1,-1,-1,-1,-1,-1,-1,-1,-1,-1,-1,-1
HS52,1.499e-05,1.827e-05,3.3260000000000003e-05,solved,7.145616255768474e-12,4.714188947881006e-06,3.233602123646081e-11,6.467981705782223e-06,6.803184170798909e-11,2.89904475411394e-05,1.182683799918314e-10,1,50,0,-1,-1,-1,-1,-1,-1,-1,-1,-1,-1,-1,-1,-1,-1,-1,-1,-1,-1,-1,-1,-1,-1,-1
HS53,1.495e-05,1.077e-05,2.5719999999999998e-05,solved,3.5527750360094117e-07,0.2010122391617069,4.239780161608801e-06,0.8479560322349756,2.8387329139679874e-06,0.589688422726702,1.7238668421678175e-11,0,25,0,-1,-1,-1,-1,-1,-1,-1,-1,-1,-1,-1,-1,-1,-1,-1,-1,-1,-1,-1,-1,-1,-1,-1
HS76,2.023e-05,1.7551e-05,3.7780999999999996e-05,solved,4.0779076613981343e-07,0.05023295660230113,3.160869573903304e-07,0.07902173938811874,3.0576746839733224e-07,0.037791487279791994,1.8264910457979046e-09,1,50,0,-1,-1,-1,-1,-1,-1,-1,-1,-1,-1,-1,-1,-1,-1,-1,-1,-1,-1,-1,-1,-1,-1,-1
HUES-MOD,0.004098485,0.578483775,0.58258226,solved,0.0003780454452453341,0.03968613826943297,1.8192039246203717e-07,0.06262370853218571,-59.775211066007614,0.8582365728146243,0.3807450867165027,38,1925,0,-1,-1,-1,-1,-1,-1,-1,-1,-1,-1,-1,-1,-1,-1,-1,-1,-1,-1,-1,-1,-1,-1,-1
HUESTIS,0.004203876,4.422934736,4.427138612,solved,0.00045861539229008486,0.04814415257927794,7.415374318367e-05,0.0038924299758352383,-695999.6610107423,0.9992980198797115,5.9895052079096365,296,14825,0,-1,-1,-1,-1,-1,-1,-1,-1,-1,-1,-1,-1,-1,-1,-1,-1,-1,-1,-1,-1,-1,-1,-1
KSIP,0.001297938,0.602849275,0.604147213,solved,1.2540294000995544e-06,0.674719852673287,1.8687368168457397e-06,0.8573700993833523,1.204020365186409e-06,0.727528761342115,0.002264631698474413,195,9750,0,-1,-1,-1,-1,-1,-1,-1,-1,-1,-1,-1,-1,-1,-1,-1,-1,-1,-1,-1,-1,-1,-1,-1
LASER,0.000790844,0.005757546,0.006548389999999999,solved,2.2744578941745002e-05,0.06395640564522448,3.498894667676819e-06,0.004451520625889037,-0.5231518447399139,0.10855567552097513,0.0004508033211383287,2,125,0,-1,-1,-1,-1,-1,-1,-1,-1,-1,-1,-1,-1,-1,-1,-1,-1,-1,-1,-1,-1,-1,-1,-1
LISWET1,0.006334859,12.452640497,12.458975356000002,solved inaccurate,1.1498820796349276e-05,5.755681228344562,7.627935165700486e-07,0.363390746783511,-0.0010193333909788247,0.20379272292892225,0.05431689709475552,500,25000,0,-1,-1,-1,-1,-1,-1,-1,-1,-1,-1,-1,-1,-1,-1,-1,-1,-1,-1,-1,-1,-1,-1,-1
LISWET10,0.008919855,12.267708908,12.276628763,solved inaccurate,3.5503712844007384e-06,1.6921975320328853,3.3641469021882344e-07,0.16019976009295483,-0.0002623106551867295,0.05243175757663755,0.019513058029574277,500,25000,0,-1,-1,-1,-1,-1,-1,-1,-1,-1,-1,-1,-1,-1,-1,-1,-1,-1,-1,-1,-1,-1,-1,-1
LISWET11,0.007880709,12.314075864,12.321956573,solved inaccurate,3.7824565619274325e-06,1.802815300060966,3.523666183806031e-07,0.1678000202495035,-0.0004217749367105625,0.08431281158009044,0.020700007324376712,500,25000,0,-1,-1,-1,-1,-1,-1,-1,-1,-1,-1,-1,-1,-1,-1,-1,-1,-1,-1,-1,-1,-1,-1,-1
LISWET12,0.006362719,12.299632925,12.305995644,solved inaccurate,4.768875207438049e-06,2.2729676098745113,4.084211931044156e-07,0.19448720859193205,-0.0015737495912345365,0.31459255039947015,0.02487103352092457,500,25000,0,-1,-1,-1,-1,-1,-1,-1,-1,-1,-1,-1,-1,-1,-1,-1,-1,-1,-1,-1,-1,-1,-1,-1
LISWET2,0.00645611,12.300333784,12.306789894,solved inaccurate,3.7739390493071452e-06,1.891112270589205,3.0678927061025967e-07,0.146166692375316,-0.0002337812586535785,0.07009964407335965,0.022128768566246286,500,25000,0,-1,-1,-1,-1,-1,-1,-1,-1,-1,-1,-1,-1,-1,-1,-1,-1,-1,-1,-1,-1,-1,-1,-1
LISWET3,0.008818345,12.308142553,12.316960898,solved inaccurate,3.7555636198056308e-06,1.883425119910515,3.061776947536218e-07,0.14590311877687565,-0.00023210665483485124,0.11596527866227087,0.022592649308433774,500,25000,0,-1,-1,-1,-1,-1,-1,-1,-1,-1,-1,-1,-1,-1,-1,-1,-1,-1,-1,-1,-1,-1,-1,-1
LISWET4,0.007720558,12.310440738,12.318161296000001,solved inaccurate,3.7515462069399187e-06,1.881423518734249,3.070330436854684e-07,0.14633861288015176,-0.00023131509084267166,0.16175510558355854,0.023039055488901675,500,25000,0,-1,-1,-1,-1,-1,-1,-1,-1,-1,-1,-1,-1,-1,-1,-1,-1,-1,-1,-1,-1,-1,-1,-1
LISWET5,0.006644171,8.447957863,8.454602033999999,solved,3.7113744929982503e-06,0.9997482067109552,6.770776279145922e-07,0.17740846381757003,-0.000231205706117762,0.007235726123175041,0.0060956266558165,344,17225,0,-1,-1,-1,-1,-1,-1,-1,-1,-1,-1,-1,-1,-1,-1,-1,-1,-1,-1,-1,-1,-1,-1,-1
LISWET6,0.008714324,12.298911896,12.30762622,solved inaccurate,3.494647385577469e-06,1.6656380990187687,3.307828818595368e-07,0.15764778186558506,-0.0002259600122211168,0.05223966510084216,0.019818832137802424,500,25000,0,-1,-1,-1,-1,-1,-1,-1,-1,-1,-1,-1,-1,-1,-1,-1,-1,-1,-1,-1,-1,-1,-1,-1
LISWET7,0.007766838,12.311543994,12.319310832000001,solved inaccurate,3.8389923376914724e-06,1.919496268191331,3.032593119957161e-07,0.14440988385449274,-0.0003084741998731836,0.061676145462230436,0.022575530489290146,500,25000,0,-1,-1,-1,-1,-1,-1,-1,-1,-1,-1,-1,-1,-1,-1,-1,-1,-1,-1,-1,-1,-1,-1,-1
LISWET8,0.00644651,12.303918337,12.310364847,solved inaccurate,3.837473039362611e-06,1.9187366623009878,3.0306938926697264e-07,0.14431944402843624,-0.0004115680274813832,0.08228866230626718,0.022706614393056972,500,25000,0,-1,-1,-1,-1,-1,-1,-1,-1,-1,-1,-1,-1,-1,-1,-1,-1,-1,-1,-1,-1,-1,-1,-1
LISWET9,0.006715411,12.249295219,12.25601063,solved inaccurate,3.8990292398627904e-06,1.9494575416660376,3.0707851841166145e-07,0.14624040079205813,-0.001425131579418932,0.2849399581796014,0.023492804751829313,500,25000,0,-1,-1,-1,-1,-1,-1,-1,-1,-1,-1,-1,-1,-1,-1,-1,-1,-1,-1,-1,-1,-1,-1,-1
LOTSCHD,0.000140151,0.000104571,0.000244722,solved,2.3425836295224057e-05,0.18431027769466554,4.733552118245265e-06,0.06531417888771406,-0.0014945231705496553,0.3114998079855903,2.3944508778489016e-06,3,175,0,-1,-1,-1,-1,-1,-1,-1,-1,-1,-1,-1,-1,-1,-1,-1,-1,-1,-1,-1,-1,-1,-1,-1
MOSARQP1,0.001976092,0.098048975,0.100025067,solved,2.8524315108802156e-06,0.9697477381403296,1.8888342220335953e-06,0.5079860102661118,-1.3523774053500044e-06,0.0007343807123602941,0.00022604904991568834,11,575,0,-1,-1,-1,-1,-1,-1,-1,-1,-1,-1,-1,-1,-1,-1,-1,-1,-1,-1,-1,-1,-1,-1,-1
MOSARQP2,0.001195168,0.012094224,0.013289392,solved,1.5547282163935027e-06,0.4143946220281498,1.0705992543272764e-06,0.050774193362178546,-2.571688023772407e-06,0.000851712341024521,5.8284416834809385e-05,4,225,0,-1,-1,-1,-1,-1,-1,-1,-1,-1,-1,-1,-1,-1,-1,-1,-1,-1,-1,-1,-1,-1,-1,-1
POWELL20,0.006183108,12.397473135,12.403656243,maximum iterations reached,0.29283931137069885,29.281609576318804,1.0745896421926773,143.2822346180293,-2547670605.393814,25575.94662478569,176.28687339967522,500,25000,0,-1,-1,-1,-1,-1,-1,-1,-1,-1,-1,-1,-1,-1,-1,-1,-1,-1,-1,-1,-1,-1,-1,-1
PRIMAL1,0.001354918,0.002050403,0.003405321,solved,7.483445252365328e-09,0.005570863167984402,2.825735222723117e-07,0.1412867446957911,5.166680659696166e-09,0.0049821077545953475,3.9415443001049643e-07,1,75,0,-1,-1,-1,-1,-1,-1,-1,-1,-1,-1,-1,-1,-1,-1,-1,-1,-1,-1,-1,-1,-1,-1,-1
PRIMAL2,0.002210844,0.001876652,0.0040874959999999995,solved,2.454347836078341e-11,8.98100707367804e-06,8.858220146984452e-13,4.429110073492226e-07,8.925631067580042e-12,8.615499303571433e-06,9.344547053434496e-09,1,50,0,-1,-1,-1,-1,-1,-1,-1,-1,-1,-1,-1,-1,-1,-1,-1,-1,-1,-1,-1,-1,-1,-1,-1
PRIMAL3,0.008015069,0.005349853,0.013364922,solved,2.6778038980657115e-08,0.019760762800652407,2.2411393630402537e-07,0.11205696815201269,-1.91902599921967e-08,0.016747645811001396,5.700213435443003e-07,1,75,0,-1,-1,-1,-1,-1,-1,-1,-1,-1,-1,-1,-1,-1,-1,-1,-1,-1,-1,-1,-1,-1,-1,-1
PRIMAL4,0.007309175,0.008525933,0.015835108,solved,2.292749667898164e-08,0.011031851394406572,6.081792900333727e-07,0.30408964501668634,-2.2729215576333672e-07,0.12361429044387055,6.557183782502975e-06,2,125,0,-1,-1,-1,-1,-1,-1,-1,-1,-1,-1,-1,-1,-1,-1,-1,-1,-1,-1,-1,-1,-1,-1,-1
PRIMALC1,0.000200131,0.287336384,0.287536515,maximum iterations reached,819.284009270529,450.71343042163574,0.01630313303223252,320.93414908001023,-1782330.1803715576,980514.8649902092,131.91740941192575,500,25000,0,-1,-1,-1,-1,-1,-1,-1,-1,-1,-1,-1,-1,-1,-1,-1,-1,-1,-1,-1,-1,-1,-1,-1
PRIMALC2,0.000173851,0.243721104,0.243894955,maximum iterations reached,9195.796181944199,1453.6247825746746,0.006706935523064672,135.0245245243813,-774276.8629822076,973078.7064632542,129.48024885545163,500,25000,0,-1,-1,-1,-1,-1,-1,-1,-1,-1,-1,-1,-1,-1,-1,-1,-1,-1,-1,-1,-1,-1,-1,-1
PRIMALC5,0.000223511,0.331715508,0.331939019,maximum iterations reached,285.9790497183433,2107.4614483266823,3.105341410925e-05,5.124877995252555,-125547.83246636817,978906.0554006366,146.00560372739065,500,25000,0,-1,-1,-1,-1,-1,-1,-1,-1,-1,-1,-1,-1,-1,-1,-1,-1,-1,-1,-1,-1,-1,-1,-1
PRIMALC8,0.000393103,0.581380709,0.581773812,maximum iterations reached,11486.303614882387,1968.5624347954915,0.008507623576053058,116.34529317715703,-5726186.903559612,981373.7135033831,273.46438553959933,500,25000,0,-1,-1,-1,-1,-1,-1,-1,-1,-1,-1,-1,-1,-1,-1,-1,-1,-1,-1,-1,-1,-1,-1,-1
Q25FV47,0.011512891,9.517288964,9.528801855000001,maximum iterations reached,0.011132130408604602,2.165242308516534,0.14408365428755399,14.855936760004512,-245.68919367739,8.941806528635489,0.30347437360174895,500,25000,0,-1,-1,-1,-1,-1,-1,-1,-1,-1,-1,-1,-1,-1,-1,-1,-1,-1,-1,-1,-1,-1,-1,-1
QADLITTL,0.000151071,0.009264967,0.009416038,solved,4.9785925364088644e-05,0.01958955518175177,0.002542712532129078,0.7191554896557485,0.2454649528203845,0.45918744441789044,0.018559060707941655,46,2300,0,-1,-1,-1,-1,-1,-1,-1,-1,-1,-1,-1,-1,-1,-1,-1,-1,-1,-1,-1,-1,-1,-1,-1
QAFIRO,0.000151051,0.000257082,0.000408133,solved,5.12626852522402e-07,0.003110041636107236,1.9060902478350155e-07,0.01732809314216812,2.0818152185464456e-06,0.49785594085179546,5.6862820190485955e-05,4,200,0,-1,-1,-1,-1,-1,-1,-1,-1,-1,-1,-1,-1,-1,-1,-1,-1,-1,-1,-1,-1,-1,-1,-1
QBANDM,0.000690084,0.466371719,0.467061803,solved,0.000821869789198544,0.9734803859777286,0.00014599592599838957,0.4288088477820526,-0.016878990700206487,0.5120893229023366,0.005700358452085723,399,19975,0,-1,-1,-1,-1,-1,-1,-1,-1,-1,-1,-1,-1,-1,-1,-1,-1,-1,-1,-1,-1,-1,-1,-1
QBEACONF,0.000649744,0.061995623,0.062645367,solved,0.002453101428522192,0.8738824678969909,0.0005313730336986503,0.59169650274021,0.07528050275777787,0.25482502279880903,0.001978991250168512,69,3450,0,-1,-1,-1,-1,-1,-1,-1,-1,-1,-1,-1,-1,-1,-1,-1,-1,-1,-1,-1,-1,-1,-1,-1
QBORE3D,0.000439653,0.373505776,0.373945429,maximum iterations reached,0.5329362080543221,35.17476002858326,0.061893119805697276,184.0113462464315,4005.777937528692,1159340.2698492177,331.787073639303,500,25000,0,-1,-1,-1,-1,-1,-1,-1,-1,-1,-1,-1,-1,-1,-1,-1,-1,-1,-1,-1,-1,-1,-1,-1
QBRANDY,0.000514944,0.423788286,0.42430323000000003,solved inaccurate,0.004712847468575167,0.5420671859918456,0.0014895998046463234,2.8792519846428455,-0.4912070310092531,9.24037841618689,0.029908335632521713,500,25000,0,-1,-1,-1,-1,-1,-1,-1,-1,-1,-1,-1,-1,-1,-1,-1,-1,-1,-1,-1,-1,-1,-1,-1
QCAPRI,0.000640924,0.541191761,0.541832685,maximum iterations reached,7.458132862900694,378.32025001345244,57.84684267451507,1550.5873316164955,-4246787.8040021155,35779.07356420195,11.45026061104486,500,25000,0,-1,-1,-1,-1,-1,-1,-1,-1,-1,-1,-1,-1,-1,-1,-1,-1,-1,-1,-1,-1,-1,-1,-1
QE226,0.000667754,0.576790361,0.577458115,maximum iterations reached,0.0027719039166477534,24.950645447376324,0.001910878137940411,60.123240091755626,-0.028257189708941876,63.6767114334102,0.122624625106479,500,25000,0,-1,-1,-1,-1,-1,-1,-1,-1,-1,-1,-1,-1,-1,-1,-1,-1,-1,-1,-1,-1,-1,-1,-1
QETAMACR,0.003305501,2.437732009,2.4410375099999997,maximum iterations reached,0.005870801075666555,5.864936062265049,0.21845262095429416,255.4602901450929,-648.8651891282442,3744.837693963038,8.609687701030897,500,25000,0,-1,-1,-1,-1,-1,-1,-1,-1,-1,-1,-1,-1,-1,-1,-1,-1,-1,-1,-1,-1,-1,-1,-1
QFFFFF80,0.002157033,1.686821543,1.688978576,maximum iterations reached,1.7154451316482497,3.0192891238945903,0.005188202148881379,4.766697751654446,23278.19676169753,20361.335103861154,42.66535987210646,500,25000,0,-1,-1,-1,-1,-1,-1,-1,-1,-1,-1,-1,-1,-1,-1,-1,-1,-1,-1,-1,-1,-1,-1,-1
QFORPLAN,0.001430389,0.649483079,0.650913468,maximum iterations reached,0.47793911149562046,0.06465625633645841,4.3908426921526456,12.11679803802614,-28746478.899656646,1931.3643229854006,2.6872664963483834,500,25000,0,-1,-1,-1,-1,-1,-1,-1,-1,-1,-1,-1,-1,-1,-1,-1,-1,-1,-1,-1,-1,-1,-1,-1
QGFRDXPN,0.000771815,0.922418035,0.92318985,maximum iterations reached,1.8639755066721,15.79382557574969,1.158678931730929,1.5047758762247143,3108285.6167527013,15.420152113492335,1.0517857873945247,500,25000,0,-1,-1,-1,-1,-1,-1,-1,-1,-1,-1,-1,-1,-1,-1,-1,-1,-1,-1,-1,-1,-1,-1,-1
QGROW15,0.001049577,0.995790587,0.996840164,maximum iterations reached,178.5769353805182,151.2933113460762,0.005945126793645006,74.41297420831586,125.70290027931333,1.2361237913407879,0.35367138499441203,500,25000,0,-1,-1,-1,-1,-1,-1,-1,-1,-1,-1,-1,-1,-1,-1,-1,-1,-1,-1,-1,-1,-1,-1,-1
QGROW22,0.001447099,1.480120227,1.481567326,maximum iterations reached,430.8681779133557,368.6243593144049,0.0031959859794684353,39.701069189201306,-31367.275600146502,209.5922013461426,0.9812338002760784,500,25000,0,-1,-1,-1,-1,-1,-1,-1,-1,-1,-1,-1,-1,-1,-1,-1,-1,-1,-1,-1,-1,-1,-1,-1
QGROW7,0.000562803,0.465981017,0.46654382,maximum iterations reached,196.10546289566247,164.6341022286159,0.0015282233027945624,18.34667869697858,15069.28265842516,352.0995706125625,0.22957302154311304,500,25000,0,-1,-1,-1,-1,-1,-1,-1,-1,-1,-1,-1,-1,-1,-1,-1,-1,-1,-1,-1,-1,-1,-1,-1
QISRAEL,0.000513973,0.348089239,0.348603212,solved inaccurate,0.07554951156620986,0.4635394663925622,0.26418964703450437,7.479527400719455,-329.05556610222624,6.453063261856906,0.013260316614574205,500,25000,0,-1,-1,-1,-1,-1,-1,-1,-1,-1,-1,-1,-1,-1,-1,-1,-1,-1,-1,-1,-1,-1,-1,-1
QPCBLEND,0.000147841,0.008605413,0.008753253999999999,solved,1.7008149216100954e-07,0.16662182160902203,5.349182505702779e-07,0.0841066431821811,-2.956614193839048e-07,0.29109527093954696,3.072069717290843e-05,39,1950,0,-1,-1,-1,-1,-1,-1,-1,-1,-1,-1,-1,-1,-1,-1,-1,-1,-1,-1,-1,-1,-1,-1,-1
QPCBOEI1,0.000982306,0.383380456,0.38436276199999997,solved,0.003919463088605434,0.11292576892264486,0.0001430442845886202,0.031710362698757266,-22.836218913957993,0.9925385742002969,0.013469682272851901,286,14300,0,-1,-1,-1,-1,-1,-1,-1,-1,-1,-1,-1,-1,-1,-1,-1,-1,-1,-1,-1,-1,-1,-1,-1
QPCBOEI2,0.000342703,0.237711777,0.23805448,maximum iterations reached,0.08022796085836784,8.505933341407143,0.06339879736993287,23.63088704654885,-137743.6890029184,9396.348789570082,0.817472506776191,500,25000,0,-1,-1,-1,-1,-1,-1,-1,-1,-1,-1,-1,-1,-1,-1,-1,-1,-1,-1,-1,-1,-1,-1,-1
QPCSTAIR,0.000933726,0.132132236,0.13306596199999998,solved,0.00010237805026627052,0.2641703971819545,0.0037843808591614928,0.8409427129112647,-7.003515044758612,0.5643817406090627,0.04692035898564481,81,4075,0,-1,-1,-1,-1,-1,-1,-1,-1,-1,-1,-1,-1,-1,-1,-1,-1,-1,-1,-1,-1,-1,-1,-1
QPILOTNO,0.005459774,3.812748978,3.8182087520000003,maximum iterations reached,0.0950316915186609,2.461015805144566,0.43056444311708775,49.398905269366736,-6245.433313404433,660.5098771241182,1.1369254737694856,500,25000,0,-1,-1,-1,-1,-1,-1,-1,-1,-1,-1,-1,-1,-1,-1,-1,-1,-1,-1,-1,-1,-1,-1,-1
QPTEST,3.1551e-05,2.181e-05,5.3361000000000006e-05,solved,8.047248258959743e-12,0.0,2.9616127240864356e-10,3.1011656302600304e-05,8.702549791905766e-11,9.11261758307557e-06,2.8817442377176133e-07,1,75,0,-1,-1,-1,-1,-1,-1,-1,-1,-1,-1,-1,-1,-1,-1,-1,-1,-1,-1,-1,-1,-1,-1,-1
QRECIPE,0.000180191,0.002241653,0.0024218440000000003,solved,1.611889857144888e-06,0.04738990130342548,1.0305399223038691e-07,0.03435132980896597,3.145500653545241e-05,0.11753782922699435,3.378494796079539e-05,6,300,0,-1,-1,-1,-1,-1,-1,-1,-1,-1,-1,-1,-1,-1,-1,-1,-1,-1,-1,-1,-1,-1,-1,-1
QSC205,0.000220721,0.001777781,0.001998502,solved,7.788992756419032e-08,0.031480037573088024,4.933837909918036e-07,0.24669189541137726,8.010140914039477e-07,0.7918056690361663,5.967478778875079e-06,4,200,0,-1,-1,-1,-1,-1,-1,-1,-1,-1,-1,-1,-1,-1,-1,-1,-1,-1,-1,-1,-1,-1,-1,-1
QSCAGR25,0.000434113,0.44865393,0.449088043,solved,0.0220901698076209,0.19651795510479084,0.05167242062226913,0.8368503617084477,-23.751426486996934,0.05503952291274661,0.011978700521162424,437,21850,0,-1,-1,-1,-1,-1,-1,-1,-1,-1,-1,-1,-1,-1,-1,-1,-1,-1,-1,-1,-1,-1,-1,-1
QSCAGR7,0.000167831,0.139084739,0.13925257000000002,maximum iterations reached,0.016170499515730147,2.343211058742239,0.10021497108815006,3.9369066256655456,-951.3520914468099,16.39099706878491,0.0034399603634691135,500,25000,0,-1,-1,-1,-1,-1,-1,-1,-1,-1,-1,-1,-1,-1,-1,-1,-1,-1,-1,-1,-1,-1,-1,-1
QSCFXM1,0.000752694,0.655092164,0.655844858,maximum iterations reached,0.031407822894692024,1.9963856178506234,0.030724413186416756,1.3044318143065932,-4210.6569935707375,124.81132447294779,5.093016339459785,500,25000,0,-1,-1,-1,-1,-1,-1,-1,-1,-1,-1,-1,-1,-1,-1,-1,-1,-1,-1,-1,-1,-1,-1,-1
QSCFXM2,0.001517039,1.30883013,1.3103471690000001,maximum iterations reached,1.0762673689585043,35.78468678269761,0.9309034947085368,29.991123240909584,-377780.4028421268,6866.244502351023,17.903252299315163,500,25000,0,-1,-1,-1,-1,-1,-1,-1,-1,-1,-1,-1,-1,-1,-1,-1,-1,-1,-1,-1,-1,-1,-1,-1
QSCFXM3,0.002099623,1.9254508860000001,1.9275505090000002,maximum iterations reached,1.106916069598442,14.759787855426296,0.7537752128892612,18.91641530622255,-441015.38047653623,7226.52870804544,28.057718456712117,500,25000,0,-1,-1,-1,-1,-1,-1,-1,-1,-1,-1,-1,-1,-1,-1,-1,-1,-1,-1,-1,-1,-1,-1,-1
QSCORPIO,0.000404133,0.405236392,0.405640525,maximum iterations reached,0.00040686153491081845,53.163785012546356,0.027749557330637727,137.40124128616407,-0.28043087557614854,148.8628301202534,0.13041563659719263,500,25000,0,-1,-1,-1,-1,-1,-1,-1,-1,-1,-1,-1,-1,-1,-1,-1,-1,-1,-1,-1,-1,-1,-1,-1
QSCRS8,0.000995256,1.051209709,1.052204965,maximum iterations reached,0.00019711674767867294,0.7790837232601123,0.020723381482611245,3.9053691028972612,-1.0285541465051522,1134.2247209701509,3.894226687663534,500,25000,0,-1,-1,-1,-1,-1,-1,-1,-1,-1,-1,-1,-1,-1,-1,-1,-1,-1,-1,-1,-1,-1,-1,-1
QSCSD1,0.000703634,0.041164064,0.041867698,solved,1.7987164695062768e-06,0.8993582347545519,8.815198507261535e-07,0.14691997500075113,-1.1368497665475985e-06,0.11760514749333446,0.017033896196197367,31,1575,0,-1,-1,-1,-1,-1,-1,-1,-1,-1,-1,-1,-1,-1,-1,-1,-1,-1,-1,-1,-1,-1,-1,-1
QSCSD6,0.001130067,0.728980881,0.730110948,solved,4.445864210166344e-07,0.19433585826488253,5.469774885480279e-06,0.9995685294587195,-9.337971574291029e-08,0.0017919454759211092,0.044325242878833576,313,15675,0,-1,-1,-1,-1,-1,-1,-1,-1,-1,-1,-1,-1,-1,-1,-1,-1,-1,-1,-1,-1,-1,-1,-1
QSCSD8,0.002077293,0.149542073,0.151619366,solved,1.2235484525639041e-05,0.5206582524193472,1.108272873188758e-05,0.635723133904775,-0.0008766677822658302,0.8982907898477569,0.0035501134474969897,31,1550,0,-1,-1,-1,-1,-1,-1,-1,-1,-1,-1,-1,-1,-1,-1,-1,-1,-1,-1,-1,-1,-1,-1,-1
QSCTAP1,0.000506243,0.498789479,0.499295722,maximum iterations reached,0.006436787551587384,77.03672620907615,0.007096890198940998,87.61370019014318,-4.759790379564679,3350.8482253920797,0.8287766309501277,500,25000,0,-1,-1,-1,-1,-1,-1,-1,-1,-1,-1,-1,-1,-1,-1,-1,-1,-1,-1,-1,-1,-1,-1,-1
QSCTAP2,0.001899131,2.159558362,2.161457493,maximum iterations reached,0.005694721247946344,70.10720355244878,0.01178929149826095,145.5434339773182,0.14215112678291056,81.58385040476604,0.8912505163562854,500,25000,0,-1,-1,-1,-1,-1,-1,-1,-1,-1,-1,-1,-1,-1,-1,-1,-1,-1,-1,-1,-1,-1,-1,-1
QSCTAP3,0.002767687,2.851055271,2.853822958,maximum iterations reached,0.00045052227434672076,8.833770294612439,0.0009071336618541709,11.199147170079677,-0.01351249081792634,9.325624979311993,0.5913832795025429,500,25000,0,-1,-1,-1,-1,-1,-1,-1,-1,-1,-1,-1,-1,-1,-1,-1,-1,-1,-1,-1,-1,-1,-1,-1
QSEBA,0.001156937,0.992659399,0.993816336,maximum iterations reached,0.06440344684979415,8.426501707740487,0.15630359213062286,4.954708723567328,-7645.589098567772,46.930323796339536,2.158759492212094,500,25000,0,-1,-1,-1,-1,-1,-1,-1,-1,-1,-1,-1,-1,-1,-1,-1,-1,-1,-1,-1,-1,-1,-1,-1
QSHARE1B,0.000277411,0.262444251,0.262721662,maximum iterations reached,475.31422521078446,208.36128631916287,2.7954361062077657,1170.0437225045557,57335601.97412612,1028008.9386565292,135.59555546506854,500,25000,0,-1,-1,-1,-1,-1,-1,-1,-1,-1,-1,-1,-1,-1,-1,-1,-1,-1,-1,-1,-1,-1,-1,-1
QSHARE2B,0.000164321,0.13134339,0.131507711,maximum iterations reached,0.10973752011243991,1700.2997485640988,0.08594155972576646,101.50560664483548,-0.9406789226086402,38.97692619904356,0.33982447874546373,500,25000,0,-1,-1,-1,-1,-1,-1,-1,-1,-1,-1,-1,-1,-1,-1,-1,-1,-1,-1,-1,-1,-1,-1,-1
QSHELL,0.005656715,1.291338362,1.296995077,solved,0.12335030227725777,0.3909123609451049,4.26713389028915,0.6822391117063812,725674.6143861754,0.23081007591304817,0.013798790611794199,112,5625,0,-1,-1,-1,-1,-1,-1,-1,-1,-1,-1,-1,-1,-1,-1,-1,-1,-1,-1,-1,-1,-1,-1,-1
QSHIP04L,0.001998642,0.347495515,0.34949415699999997,solved,4.50419315330615e-05,0.3546608782132103,0.0011760267768635875,0.14269138734032696,0.18630632150235826,0.06332108408482516,0.003057476281317992,110,5525,0,-1,-1,-1,-1,-1,-1,-1,-1,-1,-1,-1,-1,-1,-1,-1,-1,-1,-1,-1,-1,-1,-1,-1
QSHIP04S,0.001276298,0.116385578,0.117661876,solved,0.00011201801476951939,0.814654714536676,0.007302436724518839,0.883969589401888,0.7390510544160007,0.2507661091128537,0.0018693520183468322,51,2550,0,-1,-1,-1,-1,-1,-1,-1,-1,-1,-1,-1,-1,-1,-1,-1,-1,-1,-1,-1,-1,-1,-1,-1
QSHIP08L,0.013294732,3.372347069,3.385641801,solved,9.673526092667607e-05,0.6055969252010119,0.0010440924261128077,0.12680354820908604,0.2796992545298163,0.10100583052442094,0.02340346731848856,170,8500,0,-1,-1,-1,-1,-1,-1,-1,-1,-1,-1,-1,-1,-1,-1,-1,-1,-1,-1,-1,-1,-1,-1,-1
QSHIP08S,0.003309701,0.608272475,0.6115821760000001,solved,7.496297226074535e-05,0.5902596129968021,0.003985221173290585,0.48400508640005707,-0.853194262266465,0.30699070370656917,0.0025569751031135654,84,4200,0,-1,-1,-1,-1,-1,-1,-1,-1,-1,-1,-1,-1,-1,-1,-1,-1,-1,-1,-1,-1,-1,-1,-1
QSHIP12L,0.019226059,1.748713556,1.767939615,solved,8.888394997268418e-05,0.6862288913276375,0.003283897653236115,0.392293699838066,-0.18933022810253658,0.04148486189514701,0.10712951671426665,54,2725,0,-1,-1,-1,-1,-1,-1,-1,-1,-1,-1,-1,-1,-1,-1,-1,-1,-1,-1,-1,-1,-1,-1,-1
QSHIP12S,0.003561402,0.369169689,0.372731091,solved,5.08609814695674e-05,0.4605665580214926,0.007269147051172417,0.8689377535685253,-0.16538187370781984,0.03580108106769707,0.0292849591322053,41,2050,0,-1,-1,-1,-1,-1,-1,-1,-1,-1,-1,-1,-1,-1,-1,-1,-1,-1,-1,-1,-1,-1,-1,-1
QSIERRA,0.001779231,1.118179003,1.119958234,solved,0.04454168442661257,0.24401666686359164,0.059999999999999346,0.9505101069869156,28.638909814146018,0.956267111656263,5.487745845797934,277,13850,0,-1,-1,-1,-1,-1,-1,-1,-1,-1,-1,-1,-1,-1,-1,-1,-1,-1,-1,-1,-1,-1,-1,-1
QSTAIR,0.001063017,0.907455492,0.908518509,maximum iterations reached,0.38765983717415686,1480.1832195208444,0.12408173936604484,3.0933707268320028,-7409.129327810453,464.1326993975349,2.84509627786074,500,25000,0,-1,-1,-1,-1,-1,-1,-1,-1,-1,-1,-1,-1,-1,-1,-1,-1,-1,-1,-1,-1,-1,-1,-1
QSTANDAT,0.000791535,0.320167327,0.320958862,solved,1.3024586674413437e-05,0.0005122255513283273,4.451360790386216e-08,0.0003678804269710514,0.011420485014923543,0.9919031429768679,5.269712467489391,166,8325,0,-1,-1,-1,-1,-1,-1,-1,-1,-1,-1,-1,-1,-1,-1,-1,-1,-1,-1,-1,-1,-1,-1,-1
S268,4.2801e-05,9.7e-05,0.000139801,solved,2.9937461788616806e-14,0.0,0.005304829026330345,0.15511649546240905,-0.026615756172583622,0.9201016715746005,1.0876617158274124e-06,5,250,0,-1,-1,-1,-1,-1,-1,-1,-1,-1,-1,-1,-1,-1,-1,-1,-1,-1,-1,-1,-1,-1,-1,-1
STADAT1,0.001722011,3.246080539,3.24780255,maximum iterations reached,4.037042324677074,755.3619362836644,0.0013508886886303758,0.09762431644981273,-1080.8136846528525,18.911989924244807,4.816878619588975,500,25000,0,-1,-1,-1,-1,-1,-1,-1,-1,-1,-1,-1,-1,-1,-1,-1,-1,-1,-1,-1,-1,-1,-1,-1
STADAT2,0.00171409,3.2380016,3.23971569,maximum iterations reached,0.8981266900203838,19732.035753344484,3.721391568622419e-06,3.301775484275823,-0.26894011859678946,4093.7312183485415,54.24354869931848,500,25000,0,-1,-1,-1,-1,-1,-1,-1,-1,-1,-1,-1,-1,-1,-1,-1,-1,-1,-1,-1,-1,-1,-1,-1
STADAT3,0.003401771,6.5084279590000005,6.5118297300000005,maximum iterations reached,1.5454905836050792,31540.622198509554,6.716432205966812e-06,6.17664367328479,-0.2581071678679939,3558.657445351721,154.55022976513519,500,25000,0,-1,-1,-1,-1,-1,-1,-1,-1,-1,-1,-1,-1,-1,-1,-1,-1,-1,-1,-1,-1,-1,-1,-1
STCQP1,0.008553662,0.024877344,0.033431006,solved,5.917879793868703e-10,4.5522150151975125e-05,6.760408558855304e-08,6.202096053784905e-05,1.1658994480967522e-07,3.7312108987243846e-07,0.00020132788508993,1,75,0,-1,-1,-1,-1,-1,-1,-1,-1,-1,-1,-1,-1,-1,-1,-1,-1,-1,-1,-1,-1,-1,-1,-1
STCQP2,0.01616815,0.040872373,0.057040522999999996,solved,3.652192178958096e-11,2.617530124273169e-06,1.6440726788548697e-08,5.989987695803924e-05,3.1359377317130566e-08,7.618833378087946e-07,0.0003793381429978518,1,75,0,-1,-1,-1,-1,-1,-1,-1,-1,-1,-1,-1,-1,-1,-1,-1,-1,-1,-1,-1,-1,-1,-1,-1
TAME,1.664e-05,1.475e-05,3.1389999999999996e-05,solved,3.7026041796606356e-10,0.00018513024443348396,2.4951142158955263e-09,0.0024951142096699317,-2.4951142158955268e-09,0.0024951142096699317,6.7747561045361024e-09,1,50,0,-1,-1,-1,-1,-1,-1,-1,-1,-1,-1,-1,-1,-1,-1,-1,-1,-1,-1,-1,-1,-1,-1,-1
UBH1,0.010835906,16.510243044,16.52107895,solved,1.5235386285894492e-08,6.7374854665107895e-06,1.54684224413712e-12,1.4788674012547656e-06,-3.229258829229309e-06,0.9991503614266012,67.63653693784094,482,24125,0,-1,-1,-1,-1,-1,-1,-1,-1,-1,-1,-1,-1,-1,-1,-1,-1,-1,-1,-1,-1,-1,-1,-1
VALUES,0.000370572,0.01780981,0.018180382,solved,6.385801710312238e-07,0.47709185103563734,1.528648587086647e-06,0.7720067784434098,-4.3289008688773833e-07,0.11412131825116308,6.100528987717357e-05,19,975,0,-1,-1,-1,-1,-1,-1,-1,-1,-1,-1,-1,-1,-1,-1,-1,-1,-1,-1,-1,-1,-1,-1,-1
YAO,0.001325418,2.47343212,2.474757538,maximum iterations reached,0.0001804787307252528,95.20502759832301,0.0003239786213419709,170.90320539258147,-3.6884420213969586,6988.733023710991,7.846745986519535,500,25000,0,-1,-1,-1,-1,-1,-1,-1,-1,-1,-1,-1,-1,-1,-1,-1,-1,-1,-1,-1,-1,-1,-1,-1
ZECEVIC2,1.863e-05,2.656e-05,4.519e-05,solved,1.710821706524257e-08,0.0,2.724227154971004e-08,0.00681056788742751,8.74108176951438e-08,0.016649679673584234,9.265041572734778e-08,2,100,0,-1,-1,-1,-1,-1,-1,-1,-1,-1,-1,-1,-1,-1,-1,-1,-1,-1,-1,-1,-1,-1,-1,-1
