problem name,setup time,solve time,run time,status,primal residual,dual residual,duality gap,restart,iterations,task_id,restart_type,alpha,rho_is_vec,adaptive_rho_tolerance_greater,adaptive_rho_tolerance_less,rho_custom_condition,rho_custom_tolerance,adapt_rho_on_restart,custom_average_rest,beta,ini_rest_len,lambd,xi,vector_rho_in_averaged_KKT,halpern_scheme,alpha_adjustment_reflected_halpern,adaptive_rest,restart_necessary,restart_artificial,halpern_step_first_inner_iter
AUG2D,0.023375369,0.042455208,0.065830577,solved,2.9319431016361364e-07,1.3470327075992827e-09,-0.5783348376862705,1,50,0,-1,-1,-1,-1,-1,-1,-1,-1,-1,-1,-1,-1,-1,-1,-1,-1,-1,-1,-1,-1
AUG2DC,0.022091649,0.042429627,0.064521276,solved,5.313179678445579e-07,1.3388268271796733e-09,-1.1331527410075068,1,50,0,-1,-1,-1,-1,-1,-1,-1,-1,-1,-1,-1,-1,-1,-1,-1,-1,-1,-1,-1,-1
AUG2DCQP,0.017476369,1.443630767,1.4611071359999999,solved,1.0397068395946911e-05,1.8189079566965916e-05,-2.0773785412311554,34,1700,0,-1,-1,-1,-1,-1,-1,-1,-1,-1,-1,-1,-1,-1,-1,-1,-1,-1,-1,-1,-1
AUG2DQP,0.017271667,1.301783097,1.3190547639999999,solved,1.0612235826904308e-06,1.3634960904990553e-08,0.2973355296999216,30,1525,0,-1,-1,-1,-1,-1,-1,-1,-1,-1,-1,-1,-1,-1,-1,-1,-1,-1,-1,-1,-1
AUG3D,0.003426203,0.007336989,0.010763192000000001,solved,1.773713176334013e-09,1.34712951904703e-09,1.917952204166795e-06,1,50,0,-1,-1,-1,-1,-1,-1,-1,-1,-1,-1,-1,-1,-1,-1,-1,-1,-1,-1,-1,-1
AUG3DC,0.003459993,0.00742379,0.010883783000000001,solved,1.5837124944795278e-09,1.339033217639951e-09,1.5840953437873395e-06,1,50,0,-1,-1,-1,-1,-1,-1,-1,-1,-1,-1,-1,-1,-1,-1,-1,-1,-1,-1,-1,-1
AUG3DCQP,0.003407573,0.015843567,0.01925114,solved,1.3754142983435358e-06,1.981549910268221e-06,-0.0002282186746924708,2,100,0,-1,-1,-1,-1,-1,-1,-1,-1,-1,-1,-1,-1,-1,-1,-1,-1,-1,-1,-1,-1
AUG3DQP,0.003386313,0.016138929,0.019525241999999998,solved,2.240570719454255e-08,3.238374536164501e-07,1.3051908354100306e-07,2,100,0,-1,-1,-1,-1,-1,-1,-1,-1,-1,-1,-1,-1,-1,-1,-1,-1,-1,-1,-1,-1
BOYD1,0.097289329,124.206602439,124.303891768,maximum iterations reached,0.2534011010436554,24.69806095537902,-668.9057533239297,500,25000,0,-1,-1,-1,-1,-1,-1,-1,-1,-1,-1,-1,-1,-1,-1,-1,-1,-1,-1,-1,-1
CONT-050,0.005766791,0.453046531,0.45881332199999997,solved,1.705858972991107e-06,8.642149236889885e-10,-3.7096939503527436e-06,35,1775,0,-1,-1,-1,-1,-1,-1,-1,-1,-1,-1,-1,-1,-1,-1,-1,-1,-1,-1,-1,-1
CONT-100,0.037781037,11.026805044,11.064586081,solved,4.693003581885346e-07,8.395682638712067e-10,1.814136972465974e-06,172,8625,0,-1,-1,-1,-1,-1,-1,-1,-1,-1,-1,-1,-1,-1,-1,-1,-1,-1,-1,-1,-1
CONT-101,0.046183066,15.432906517,15.479089582999999,solved,6.510390759516275e-07,8.806659717633145e-11,2.4014785536818906e-06,223,11175,0,-1,-1,-1,-1,-1,-1,-1,-1,-1,-1,-1,-1,-1,-1,-1,-1,-1,-1,-1,-1
CVXQP1_L,1.205382887,49.627145287,50.832528174,solved,6.998269645727081e-06,0.007739057546966185,-22.959303229564775,168,8400,0,-1,-1,-1,-1,-1,-1,-1,-1,-1,-1,-1,-1,-1,-1,-1,-1,-1,-1,-1,-1
CVXQP1_M,0.005215677,0.083252838,0.088468515,solved,6.439011063473256e-06,0.0004862270140165176,-0.013070916291326284,12,625,0,-1,-1,-1,-1,-1,-1,-1,-1,-1,-1,-1,-1,-1,-1,-1,-1,-1,-1,-1,-1
CVXQP1_S,0.000193222,0.002204355,0.0023975769999999997,solved,2.6524925324401887e-06,0.0008509451113144782,-0.0008419206569669768,8,425,0,-1,-1,-1,-1,-1,-1,-1,-1,-1,-1,-1,-1,-1,-1,-1,-1,-1,-1,-1,-1
CVXQP2_L,0.779188836,7.395629947,8.174818783,solved,6.054662176221107e-06,6.960751203468258e-05,-0.0026807686271342643,33,1650,0,-1,-1,-1,-1,-1,-1,-1,-1,-1,-1,-1,-1,-1,-1,-1,-1,-1,-1,-1,-1
CVXQP2_M,0.003691237,0.019618758,0.023309995,solved,3.6776095662963433e-06,9.86873119352212e-05,-0.0007886774837970734,3,175,0,-1,-1,-1,-1,-1,-1,-1,-1,-1,-1,-1,-1,-1,-1,-1,-1,-1,-1,-1,-1
CVXQP2_S,0.000168231,0.000348363,0.000516594,solved,1.2450216137444721e-08,2.4171390260828038e-05,-1.129508382291533e-05,1,75,0,-1,-1,-1,-1,-1,-1,-1,-1,-1,-1,-1,-1,-1,-1,-1,-1,-1,-1,-1,-1
CVXQP3_L,1.513142212,79.783866826,81.297009038,solved,6.93859729104907e-06,0.009565254231084966,-72.05685096750953,240,12000,0,-1,-1,-1,-1,-1,-1,-1,-1,-1,-1,-1,-1,-1,-1,-1,-1,-1,-1,-1,-1
CVXQP3_M,0.006510673,0.43324491,0.439755583,solved,5.32068541565988e-07,0.008258332203936902,-0.05290418164804578,60,3000,0,-1,-1,-1,-1,-1,-1,-1,-1,-1,-1,-1,-1,-1,-1,-1,-1,-1,-1,-1,-1
CVXQP3_S,0.000220201,0.000603674,0.000823875,solved,5.7154576568689595e-06,0.0005429047784808032,-0.001562199839099776,2,100,0,-1,-1,-1,-1,-1,-1,-1,-1,-1,-1,-1,-1,-1,-1,-1,-1,-1,-1,-1,-1
DPKLO1,0.000267822,0.000535103,0.000802925,solved,6.524692980467277e-08,8.613375387015631e-08,9.837812046109562e-07,1,50,0,-1,-1,-1,-1,-1,-1,-1,-1,-1,-1,-1,-1,-1,-1,-1,-1,-1,-1,-1,-1
DTOC3,0.008218295,0.208533226,0.216751521,solved,3.1691644863940382e-09,5.680881112746228e-13,-0.00021497689698435352,7,350,0,-1,-1,-1,-1,-1,-1,-1,-1,-1,-1,-1,-1,-1,-1,-1,-1,-1,-1,-1,-1
DUAL1,0.000298372,0.000835276,0.0011336480000000001,solved,4.2172907670453484e-09,1.1735761827320929e-07,6.908460047777565e-08,1,50,0,-1,-1,-1,-1,-1,-1,-1,-1,-1,-1,-1,-1,-1,-1,-1,-1,-1,-1,-1,-1
DUAL2,0.000360463,0.001041877,0.0014023400000000002,solved,1.7181937387498017e-09,8.551818046359723e-08,7.743254176045822e-08,1,50,0,-1,-1,-1,-1,-1,-1,-1,-1,-1,-1,-1,-1,-1,-1,-1,-1,-1,-1,-1,-1
DUAL3,0.000469353,0.00140177,0.0018711230000000001,solved,6.146292660025998e-09,2.2753850918425693e-07,2.1341679032338412e-07,1,50,0,-1,-1,-1,-1,-1,-1,-1,-1,-1,-1,-1,-1,-1,-1,-1,-1,-1,-1,-1,-1
DUAL4,0.000207181,0.000653554,0.000860735,solved,6.173375399307636e-08,2.766849389944605e-07,2.111747851030188e-07,1,50,0,-1,-1,-1,-1,-1,-1,-1,-1,-1,-1,-1,-1,-1,-1,-1,-1,-1,-1,-1,-1
DUALC1,0.000130031,0.004786562,0.004916593,solved,1.2376726850070172e-08,0.2467839169517826,0.004323018453931082,14,700,0,-1,-1,-1,-1,-1,-1,-1,-1,-1,-1,-1,-1,-1,-1,-1,-1,-1,-1,-1,-1
DUALC2,0.00012946,0.001640801,0.0017702610000000002,solved,1.6144107354559918e-08,0.0074792132947999026,-0.001431395862414625,5,275,0,-1,-1,-1,-1,-1,-1,-1,-1,-1,-1,-1,-1,-1,-1,-1,-1,-1,-1,-1,-1
DUALC5,0.000144731,0.000627064,0.000771795,solved,3.542607445958433e-08,3.1717560038309495e-06,-1.6643495489686244e-05,1,75,0,-1,-1,-1,-1,-1,-1,-1,-1,-1,-1,-1,-1,-1,-1,-1,-1,-1,-1,-1,-1
DUALC8,0.000259792,0.001072187,0.001331979,solved,3.0321538203843975e-08,0.010200111492801164,0.006519697276938866,1,75,0,-1,-1,-1,-1,-1,-1,-1,-1,-1,-1,-1,-1,-1,-1,-1,-1,-1,-1,-1,-1
EXDATA,0.358817471,6.611903846,6.970721317,solved,1.2244061714739018e-05,2.648344611141593e-06,-9.55822998344642e-05,23,1150,0,-1,-1,-1,-1,-1,-1,-1,-1,-1,-1,-1,-1,-1,-1,-1,-1,-1,-1,-1,-1
GENHS28,0.00011386,3.1541e-05,0.000145401,solved,1.3897433450027083e-09,3.5902620876271385e-09,6.971083266194e-09,1,50,0,-1,-1,-1,-1,-1,-1,-1,-1,-1,-1,-1,-1,-1,-1,-1,-1,-1,-1,-1,-1
GOULDQP2,0.000402943,0.057491585,0.057894528,solved,3.362634615200477e-05,3.697312164659926e-10,-3.3617897852826484e-07,43,2175,0,-1,-1,-1,-1,-1,-1,-1,-1,-1,-1,-1,-1,-1,-1,-1,-1,-1,-1,-1,-1
GOULDQP3,0.000474433,0.001301779,0.001776212,solved,4.022339350484572e-09,1.631459897021014e-08,9.870644577492093e-07,1,50,0,-1,-1,-1,-1,-1,-1,-1,-1,-1,-1,-1,-1,-1,-1,-1,-1,-1,-1,-1,-1
HS118,0.000132101,0.000487303,0.000619404,solved,1.8258021423633863e-06,5.113051284588721e-08,-1.5084033293533137e-06,13,675,0,-1,-1,-1,-1,-1,-1,-1,-1,-1,-1,-1,-1,-1,-1,-1,-1,-1,-1,-1,-1
HS21,3.421e-05,2.03e-05,5.451e-05,solved,7.621471044541431e-07,1.874919494353522e-08,7.012517330706736e-09,1,75,0,-1,-1,-1,-1,-1,-1,-1,-1,-1,-1,-1,-1,-1,-1,-1,-1,-1,-1,-1,-1
HS268,2.06e-05,0.000101291,0.000121891,solved,2.9937461788616806e-14,0.005304829026330345,-0.026615756172583622,5,250,0,-1,-1,-1,-1,-1,-1,-1,-1,-1,-1,-1,-1,-1,-1,-1,-1,-1,-1,-1,-1
HS35,1.299e-05,1.489e-05,2.7879999999999997e-05,solved,8.632117123050005e-11,1.7898321713616383e-11,1.770514761034759e-12,1,50,0,-1,-1,-1,-1,-1,-1,-1,-1,-1,-1,-1,-1,-1,-1,-1,-1,-1,-1,-1,-1
HS35MOD,1.254e-05,1.521e-05,2.775e-05,solved,6.93985105987867e-10,7.3020380852994996e-09,4.96574115365242e-09,1,50,0,-1,-1,-1,-1,-1,-1,-1,-1,-1,-1,-1,-1,-1,-1,-1,-1,-1,-1,-1,-1
HS51,1.539e-05,1.9251e-05,3.4640999999999996e-05,solved,6.000127132139516e-09,2.089465737631865e-08,2.7803403478299667e-08,1,50,0,-1,-1,-1,-1,-1,-1,-1,-1,-1,-1,-1,-1,-1,-1,-1,-1,-1,-1,-1,-1
HS52,1.504e-05,1.862e-05,3.366e-05,solved,7.145616255768474e-12,3.233602123646081e-11,6.803184170798909e-11,1,50,0,-1,-1,-1,-1,-1,-1,-1,-1,-1,-1,-1,-1,-1,-1,-1,-1,-1,-1,-1,-1
HS53,1.407e-05,1.084e-05,2.491e-05,solved,3.5527750360094117e-07,4.239780161608801e-06,2.8387329139679874e-06,0,25,0,-1,-1,-1,-1,-1,-1,-1,-1,-1,-1,-1,-1,-1,-1,-1,-1,-1,-1,-1,-1
HS76,1.999e-05,1.8671e-05,3.8661e-05,solved,4.0779076613981343e-07,3.160869573903304e-07,3.0576746839733224e-07,1,50,0,-1,-1,-1,-1,-1,-1,-1,-1,-1,-1,-1,-1,-1,-1,-1,-1,-1,-1,-1,-1
HUES-MOD,0.004143708,0.562331754,0.566475462,solved,0.0003780454452453341,1.8192039246203717e-07,-59.775211066007614,38,1925,0,-1,-1,-1,-1,-1,-1,-1,-1,-1,-1,-1,-1,-1,-1,-1,-1,-1,-1,-1,-1
HUESTIS,0.004134398,4.336121333,4.340255731,solved,0.00045861539229008486,7.415374318367e-05,-695999.6610107423,296,14825,0,-1,-1,-1,-1,-1,-1,-1,-1,-1,-1,-1,-1,-1,-1,-1,-1,-1,-1,-1,-1
KSIP,0.001067307,0.547007191,0.548074498,solved,1.2540294000995544e-06,1.8687368168457397e-06,1.204020365186409e-06,195,9750,0,-1,-1,-1,-1,-1,-1,-1,-1,-1,-1,-1,-1,-1,-1,-1,-1,-1,-1,-1,-1
LASER,0.000800306,0.005622197,0.0064225029999999995,solved,2.2744578941745002e-05,3.498894667676819e-06,-0.5231518447399139,2,125,0,-1,-1,-1,-1,-1,-1,-1,-1,-1,-1,-1,-1,-1,-1,-1,-1,-1,-1,-1,-1
LISWET1,0.006473803,12.141153544,12.147627347,solved inaccurate,1.1498820796349276e-05,7.627935165700486e-07,-0.0010193333909788247,500,25000,0,-1,-1,-1,-1,-1,-1,-1,-1,-1,-1,-1,-1,-1,-1,-1,-1,-1,-1,-1,-1
LISWET10,0.006433343,12.144681668,12.151115011,solved inaccurate,3.5503712844007384e-06,3.3641469021882344e-07,-0.0002623106551867295,500,25000,0,-1,-1,-1,-1,-1,-1,-1,-1,-1,-1,-1,-1,-1,-1,-1,-1,-1,-1,-1,-1
LISWET11,0.006492034,12.182606791,12.189098825,solved inaccurate,3.7824565619274325e-06,3.523666183806031e-07,-0.0004217749367105625,500,25000,0,-1,-1,-1,-1,-1,-1,-1,-1,-1,-1,-1,-1,-1,-1,-1,-1,-1,-1,-1,-1
LISWET12,0.006454753,12.137172625,12.143627378,solved inaccurate,4.768875207438049e-06,4.084211931044156e-07,-0.0015737495912345365,500,25000,0,-1,-1,-1,-1,-1,-1,-1,-1,-1,-1,-1,-1,-1,-1,-1,-1,-1,-1,-1,-1
LISWET2,0.006432623,12.175561789,12.181994412,solved inaccurate,3.7739390493071452e-06,3.0678927061025967e-07,-0.0002337812586535785,500,25000,0,-1,-1,-1,-1,-1,-1,-1,-1,-1,-1,-1,-1,-1,-1,-1,-1,-1,-1,-1,-1
LISWET3,0.006436374,12.111455442,12.117891816,solved inaccurate,3.7555636198056308e-06,3.061776947536218e-07,-0.00023210665483485124,500,25000,0,-1,-1,-1,-1,-1,-1,-1,-1,-1,-1,-1,-1,-1,-1,-1,-1,-1,-1,-1,-1
LISWET4,0.006418084,12.164425552,12.170843636,solved inaccurate,3.7515462069399187e-06,3.070330436854684e-07,-0.00023131509084267166,500,25000,0,-1,-1,-1,-1,-1,-1,-1,-1,-1,-1,-1,-1,-1,-1,-1,-1,-1,-1,-1,-1
LISWET5,0.006383313,8.357996792,8.364380105,solved,3.7113744929982503e-06,6.770776279145922e-07,-0.000231205706117762,344,17225,0,-1,-1,-1,-1,-1,-1,-1,-1,-1,-1,-1,-1,-1,-1,-1,-1,-1,-1,-1,-1
LISWET6,0.006788536,12.12144615,12.128234686,solved inaccurate,3.494647385577469e-06,3.307828818595368e-07,-0.0002259600122211168,500,25000,0,-1,-1,-1,-1,-1,-1,-1,-1,-1,-1,-1,-1,-1,-1,-1,-1,-1,-1,-1,-1
LISWET7,0.006417874,12.126359964,12.132777838,solved inaccurate,3.8389923376914724e-06,3.032593119957161e-07,-0.0003084741998731836,500,25000,0,-1,-1,-1,-1,-1,-1,-1,-1,-1,-1,-1,-1,-1,-1,-1,-1,-1,-1,-1,-1
LISWET8,0.006460644,12.142591603,12.149052247,solved inaccurate,3.837473039362611e-06,3.0306938926697264e-07,-0.0004115680274813832,500,25000,0,-1,-1,-1,-1,-1,-1,-1,-1,-1,-1,-1,-1,-1,-1,-1,-1,-1,-1,-1,-1
LISWET9,0.006365094,12.148401603,12.154766697,solved inaccurate,3.8990292398627904e-06,3.0707851841166145e-07,-0.001425131579418932,500,25000,0,-1,-1,-1,-1,-1,-1,-1,-1,-1,-1,-1,-1,-1,-1,-1,-1,-1,-1,-1,-1
LOTSCHD,9.2001e-05,0.000116251,0.000208252,solved,2.3425836295224057e-05,4.733552118245265e-06,-0.0014945231705496553,3,175,0,-1,-1,-1,-1,-1,-1,-1,-1,-1,-1,-1,-1,-1,-1,-1,-1,-1,-1,-1,-1
MOSARQP1,0.002045064,0.049280986,0.05132605,solved,2.8524315108802156e-06,1.8888342220335953e-06,-1.3523774053500044e-06,11,575,0,-1,-1,-1,-1,-1,-1,-1,-1,-1,-1,-1,-1,-1,-1,-1,-1,-1,-1,-1,-1
MOSARQP2,0.001342989,0.01178909,0.013132079,solved,1.5547282163935027e-06,1.0705992543272764e-06,-2.571688023772407e-06,4,225,0,-1,-1,-1,-1,-1,-1,-1,-1,-1,-1,-1,-1,-1,-1,-1,-1,-1,-1,-1,-1
POWELL20,0.008389297,11.943528129,11.951917426000001,maximum iterations reached,0.29283931137069885,1.0745896421926773,-2547670605.393814,500,25000,0,-1,-1,-1,-1,-1,-1,-1,-1,-1,-1,-1,-1,-1,-1,-1,-1,-1,-1,-1,-1
PRIMAL1,0.001380329,0.002008574,0.003388903,solved,7.483445252365328e-09,2.825735222723117e-07,5.166680659696166e-09,1,75,0,-1,-1,-1,-1,-1,-1,-1,-1,-1,-1,-1,-1,-1,-1,-1,-1,-1,-1,-1,-1
PRIMAL2,0.002171044,0.001831483,0.0040025270000000005,solved,2.454347836078341e-11,8.858220146984452e-13,8.925631067580042e-12,1,50,0,-1,-1,-1,-1,-1,-1,-1,-1,-1,-1,-1,-1,-1,-1,-1,-1,-1,-1,-1,-1
PRIMAL3,0.008003935,0.005231105,0.01323504,solved,2.6778038980657115e-08,2.2411393630402537e-07,-1.91902599921967e-08,1,75,0,-1,-1,-1,-1,-1,-1,-1,-1,-1,-1,-1,-1,-1,-1,-1,-1,-1,-1,-1,-1
PRIMAL4,0.00739707,0.008327557,0.015724626999999998,solved,2.292749667898164e-08,6.081792900333727e-07,-2.2729215576333672e-07,2,125,0,-1,-1,-1,-1,-1,-1,-1,-1,-1,-1,-1,-1,-1,-1,-1,-1,-1,-1,-1,-1
PRIMALC1,0.000201501,0.27481906,0.275020561,maximum iterations reached,819.284009270529,0.01630313303223252,-1782330.1803715576,500,25000,0,-1,-1,-1,-1,-1,-1,-1,-1,-1,-1,-1,-1,-1,-1,-1,-1,-1,-1,-1,-1
PRIMALC2,0.000183631,0.237348735,0.237532366,maximum iterations reached,9195.796181944199,0.006706935523064672,-774276.8629822076,500,25000,0,-1,-1,-1,-1,-1,-1,-1,-1,-1,-1,-1,-1,-1,-1,-1,-1,-1,-1,-1,-1
PRIMALC5,0.000234522,0.327606199,0.327840721,maximum iterations reached,285.9790497183433,3.105341410925e-05,-125547.83246636817,500,25000,0,-1,-1,-1,-1,-1,-1,-1,-1,-1,-1,-1,-1,-1,-1,-1,-1,-1,-1,-1,-1
PRIMALC8,0.000398463,0.568992731,0.569391194,maximum iterations reached,11486.303614882387,0.008507623576053058,-5726186.903559612,500,25000,0,-1,-1,-1,-1,-1,-1,-1,-1,-1,-1,-1,-1,-1,-1,-1,-1,-1,-1,-1,-1
Q25FV47,0.011468488,9.41150919,9.422977678,maximum iterations reached,0.011132130408604602,0.14408365428755399,-245.68919367739,500,25000,0,-1,-1,-1,-1,-1,-1,-1,-1,-1,-1,-1,-1,-1,-1,-1,-1,-1,-1,-1,-1
QADLITTL,0.000162531,0.008940401,0.009102932000000001,solved,4.9785925364088644e-05,0.002542712532129078,0.2454649528203845,46,2300,0,-1,-1,-1,-1,-1,-1,-1,-1,-1,-1,-1,-1,-1,-1,-1,-1,-1,-1,-1,-1
QAFIRO,0.000112191,0.000260422,0.000372613,solved,5.12626852522402e-07,1.9060902478350155e-07,2.0818152185464456e-06,4,200,0,-1,-1,-1,-1,-1,-1,-1,-1,-1,-1,-1,-1,-1,-1,-1,-1,-1,-1,-1,-1
QBANDM,0.000706984,0.454296532,0.455003516,solved,0.000821869789198544,0.00014599592599838957,-0.016878990700206487,399,19975,0,-1,-1,-1,-1,-1,-1,-1,-1,-1,-1,-1,-1,-1,-1,-1,-1,-1,-1,-1,-1
QBEACONF,0.000639554,0.060349191,0.060988745000000004,solved,0.002453101428522192,0.0005313730336986503,0.07528050275777787,69,3450,0,-1,-1,-1,-1,-1,-1,-1,-1,-1,-1,-1,-1,-1,-1,-1,-1,-1,-1,-1,-1
QBORE3D,0.000445033,0.364167398,0.36461243099999996,maximum iterations reached,0.5329362080543221,0.061893119805697276,4005.777937528692,500,25000,0,-1,-1,-1,-1,-1,-1,-1,-1,-1,-1,-1,-1,-1,-1,-1,-1,-1,-1,-1,-1
QBRANDY,0.000520644,0.40423342,0.404754064,solved inaccurate,0.004712847468575167,0.0014895998046463234,-0.4912070310092531,500,25000,0,-1,-1,-1,-1,-1,-1,-1,-1,-1,-1,-1,-1,-1,-1,-1,-1,-1,-1,-1,-1
QCAPRI,0.000630004,0.526113,0.5267430040000001,maximum iterations reached,7.458132862900694,57.84684267451507,-4246787.8040021155,500,25000,0,-1,-1,-1,-1,-1,-1,-1,-1,-1,-1,-1,-1,-1,-1,-1,-1,-1,-1,-1,-1
QE226,0.000652594,0.554719105,0.5553716989999999,maximum iterations reached,0.0027719039166477534,0.001910878137940411,-0.028257189708941876,500,25000,0,-1,-1,-1,-1,-1,-1,-1,-1,-1,-1,-1,-1,-1,-1,-1,-1,-1,-1,-1,-1
QETAMACR,0.003280392,2.4207220019999998,2.424002394,maximum iterations reached,0.005870801075666555,0.21845262095429416,-648.8651891282442,500,25000,0,-1,-1,-1,-1,-1,-1,-1,-1,-1,-1,-1,-1,-1,-1,-1,-1,-1,-1,-1,-1
QFFFFF80,0.002154835,1.6608643010000002,1.6630191360000002,maximum iterations reached,1.7154451316482497,0.005188202148881379,23278.19676169753,500,25000,0,-1,-1,-1,-1,-1,-1,-1,-1,-1,-1,-1,-1,-1,-1,-1,-1,-1,-1,-1,-1
QFORPLAN,0.00143215,0.629965777,0.631397927,maximum iterations reached,0.47793911149562046,4.3908426921526456,-28746478.899656646,500,25000,0,-1,-1,-1,-1,-1,-1,-1,-1,-1,-1,-1,-1,-1,-1,-1,-1,-1,-1,-1,-1
QGFRDXPN,0.000781275,0.882584541,0.883365816,maximum iterations reached,1.8639755066721,1.158678931730929,3108285.6167527013,500,25000,0,-1,-1,-1,-1,-1,-1,-1,-1,-1,-1,-1,-1,-1,-1,-1,-1,-1,-1,-1,-1
QGROW15,0.001046797,0.998024415,0.999071212,maximum iterations reached,178.5769353805182,0.005945126793645006,125.70290027931333,500,25000,0,-1,-1,-1,-1,-1,-1,-1,-1,-1,-1,-1,-1,-1,-1,-1,-1,-1,-1,-1,-1
QGROW22,0.00144712,1.441292419,1.442739539,maximum iterations reached,430.8681779133557,0.0031959859794684353,-31367.275600146502,500,25000,0,-1,-1,-1,-1,-1,-1,-1,-1,-1,-1,-1,-1,-1,-1,-1,-1,-1,-1,-1,-1
QGROW7,0.000567294,0.463002366,0.46356966,maximum iterations reached,196.10546289566247,0.0015282233027945624,15069.28265842516,500,25000,0,-1,-1,-1,-1,-1,-1,-1,-1,-1,-1,-1,-1,-1,-1,-1,-1,-1,-1,-1,-1
QISRAEL,0.000534034,0.343905857,0.344439891,solved inaccurate,0.07554951156620986,0.26418964703450437,-329.05556610222624,500,25000,0,-1,-1,-1,-1,-1,-1,-1,-1,-1,-1,-1,-1,-1,-1,-1,-1,-1,-1,-1,-1
QPCBLEND,0.000150781,0.008386527,0.008537308,solved,1.7008149216100954e-07,5.349182505702779e-07,-2.956614193839048e-07,39,1950,0,-1,-1,-1,-1,-1,-1,-1,-1,-1,-1,-1,-1,-1,-1,-1,-1,-1,-1,-1,-1
QPCBOEI1,0.000978936,0.37105925,0.372038186,solved,0.003919463088605434,0.0001430442845886202,-22.836218913957993,286,14300,0,-1,-1,-1,-1,-1,-1,-1,-1,-1,-1,-1,-1,-1,-1,-1,-1,-1,-1,-1,-1
QPCBOEI2,0.000331563,0.226898022,0.227229585,maximum iterations reached,0.08022796085836784,0.06339879736993287,-137743.6890029184,500,25000,0,-1,-1,-1,-1,-1,-1,-1,-1,-1,-1,-1,-1,-1,-1,-1,-1,-1,-1,-1,-1
QPCSTAIR,0.000930026,0.130460335,0.131390361,solved,0.00010237805026627052,0.0037843808591614928,-7.003515044758612,81,4075,0,-1,-1,-1,-1,-1,-1,-1,-1,-1,-1,-1,-1,-1,-1,-1,-1,-1,-1,-1,-1
QPILOTNO,0.005468557,3.757531717,3.763000274,maximum iterations reached,0.0950316915186609,0.43056444311708775,-6245.433313404433,500,25000,0,-1,-1,-1,-1,-1,-1,-1,-1,-1,-1,-1,-1,-1,-1,-1,-1,-1,-1,-1,-1
QPTEST,1.966e-05,2.152e-05,4.118e-05,solved,8.047248258959743e-12,2.9616127240864356e-10,8.702549791905766e-11,1,75,0,-1,-1,-1,-1,-1,-1,-1,-1,-1,-1,-1,-1,-1,-1,-1,-1,-1,-1,-1,-1
QRECIPE,0.000165561,0.002189295,0.002354856,solved,1.611889857144888e-06,1.0305399223038691e-07,3.145500653545241e-05,6,300,0,-1,-1,-1,-1,-1,-1,-1,-1,-1,-1,-1,-1,-1,-1,-1,-1,-1,-1,-1,-1
QSC205,0.000208122,0.001726471,0.001934593,solved,7.788992756419032e-08,4.933837909918036e-07,8.010140914039477e-07,4,200,0,-1,-1,-1,-1,-1,-1,-1,-1,-1,-1,-1,-1,-1,-1,-1,-1,-1,-1,-1,-1
QSCAGR25,0.000452653,0.433447218,0.43389987100000005,solved,0.0220901698076209,0.05167242062226913,-23.751426486996934,437,21850,0,-1,-1,-1,-1,-1,-1,-1,-1,-1,-1,-1,-1,-1,-1,-1,-1,-1,-1,-1,-1
QSCAGR7,0.000162341,0.13409837,0.134260711,maximum iterations reached,0.016170499515730147,0.10021497108815006,-951.3520914468099,500,25000,0,-1,-1,-1,-1,-1,-1,-1,-1,-1,-1,-1,-1,-1,-1,-1,-1,-1,-1,-1,-1
QSCFXM1,0.000746335,0.63795673,0.638703065,maximum iterations reached,0.031407822894692024,0.030724413186416756,-4210.6569935707375,500,25000,0,-1,-1,-1,-1,-1,-1,-1,-1,-1,-1,-1,-1,-1,-1,-1,-1,-1,-1,-1,-1
QSCFXM2,0.001397319,1.2765548039999999,1.277952123,maximum iterations reached,1.0762673689585043,0.9309034947085368,-377780.4028421268,500,25000,0,-1,-1,-1,-1,-1,-1,-1,-1,-1,-1,-1,-1,-1,-1,-1,-1,-1,-1,-1,-1
QSCFXM3,0.001957083,1.8879763349999998,1.8899334179999998,maximum iterations reached,1.106916069598442,0.7537752128892612,-441015.38047653623,500,25000,0,-1,-1,-1,-1,-1,-1,-1,-1,-1,-1,-1,-1,-1,-1,-1,-1,-1,-1,-1,-1
QSCORPIO,0.000399293,0.389228841,0.389628134,maximum iterations reached,0.00040686153491081845,0.027749557330637727,-0.28043087557614854,500,25000,0,-1,-1,-1,-1,-1,-1,-1,-1,-1,-1,-1,-1,-1,-1,-1,-1,-1,-1,-1,-1
QSCRS8,0.000988326,1.018305231,1.0192935570000001,maximum iterations reached,0.00019711674767867294,0.020723381482611245,-1.0285541465051522,500,25000,0,-1,-1,-1,-1,-1,-1,-1,-1,-1,-1,-1,-1,-1,-1,-1,-1,-1,-1,-1,-1
QSCSD1,0.000707865,0.040004898,0.040712763,solved,1.7987164695062768e-06,8.815198507261535e-07,-1.1368497665475985e-06,31,1575,0,-1,-1,-1,-1,-1,-1,-1,-1,-1,-1,-1,-1,-1,-1,-1,-1,-1,-1,-1,-1
QSCSD6,0.001132368,0.703826901,0.704959269,solved,4.445864210166344e-07,5.469774885480279e-06,-9.337971574291029e-08,313,15675,0,-1,-1,-1,-1,-1,-1,-1,-1,-1,-1,-1,-1,-1,-1,-1,-1,-1,-1,-1,-1
QSCSD8,0.001961074,0.14613077,0.148091844,solved,1.2235484525639041e-05,1.108272873188758e-05,-0.0008766677822658302,31,1550,0,-1,-1,-1,-1,-1,-1,-1,-1,-1,-1,-1,-1,-1,-1,-1,-1,-1,-1,-1,-1
QSCTAP1,0.000524563,0.486634634,0.487159197,maximum iterations reached,0.006436787551587384,0.007096890198940998,-4.759790379564679,500,25000,0,-1,-1,-1,-1,-1,-1,-1,-1,-1,-1,-1,-1,-1,-1,-1,-1,-1,-1,-1,-1
QSCTAP2,0.001919913,2.086550287,2.0884702,maximum iterations reached,0.005694721247946344,0.01178929149826095,0.14215112678291056,500,25000,0,-1,-1,-1,-1,-1,-1,-1,-1,-1,-1,-1,-1,-1,-1,-1,-1,-1,-1,-1,-1
QSCTAP3,0.002543847,2.758224264,2.760768111,maximum iterations reached,0.00045052227434672076,0.0009071336618541709,-0.01351249081792634,500,25000,0,-1,-1,-1,-1,-1,-1,-1,-1,-1,-1,-1,-1,-1,-1,-1,-1,-1,-1,-1,-1
QSEBA,0.001155408,0.954447682,0.95560309,maximum iterations reached,0.06440344684979415,0.15630359213062286,-7645.589098567772,500,25000,0,-1,-1,-1,-1,-1,-1,-1,-1,-1,-1,-1,-1,-1,-1,-1,-1,-1,-1,-1,-1
QSHARE1B,0.000280242,0.251745079,0.25202532099999997,maximum iterations reached,475.31422521078446,2.7954361062077657,57335601.97412612,500,25000,0,-1,-1,-1,-1,-1,-1,-1,-1,-1,-1,-1,-1,-1,-1,-1,-1,-1,-1,-1,-1
QSHARE2B,0.000166022,0.128884614,0.129050636,maximum iterations reached,0.10973752011243991,0.08594155972576646,-0.9406789226086402,500,25000,0,-1,-1,-1,-1,-1,-1,-1,-1,-1,-1,-1,-1,-1,-1,-1,-1,-1,-1,-1,-1
QSHELL,0.005642128,1.2851355309999999,1.290777659,solved,0.12335030227725777,4.26713389028915,725674.6143861754,112,5625,0,-1,-1,-1,-1,-1,-1,-1,-1,-1,-1,-1,-1,-1,-1,-1,-1,-1,-1,-1,-1
QSHIP04L,0.002019774,0.343017981,0.345037755,solved,4.50419315330615e-05,0.0011760267768635875,0.18630632150235826,110,5525,0,-1,-1,-1,-1,-1,-1,-1,-1,-1,-1,-1,-1,-1,-1,-1,-1,-1,-1,-1,-1
QSHIP04S,0.001292679,0.111665799,0.112958478,solved,0.00011201801476951939,0.007302436724518839,0.7390510544160007,51,2550,0,-1,-1,-1,-1,-1,-1,-1,-1,-1,-1,-1,-1,-1,-1,-1,-1,-1,-1,-1,-1
QSHIP08L,0.012515644,3.342182371,3.354698015,solved,9.673526092667607e-05,0.0010440924261128077,0.2796992545298163,170,8500,0,-1,-1,-1,-1,-1,-1,-1,-1,-1,-1,-1,-1,-1,-1,-1,-1,-1,-1,-1,-1
QSHIP08S,0.003331392,0.606145607,0.609476999,solved,7.496297226074535e-05,0.003985221173290585,-0.853194262266465,84,4200,0,-1,-1,-1,-1,-1,-1,-1,-1,-1,-1,-1,-1,-1,-1,-1,-1,-1,-1,-1,-1
QSHIP12L,0.018541494,1.7396777509999999,1.7582192449999998,solved,8.888394997268418e-05,0.003283897653236115,-0.18933022810253658,54,2725,0,-1,-1,-1,-1,-1,-1,-1,-1,-1,-1,-1,-1,-1,-1,-1,-1,-1,-1,-1,-1
QSHIP12S,0.003566024,0.364948059,0.368514083,solved,5.08609814695674e-05,0.007269147051172417,-0.16538187370781984,41,2050,0,-1,-1,-1,-1,-1,-1,-1,-1,-1,-1,-1,-1,-1,-1,-1,-1,-1,-1,-1,-1
QSIERRA,0.001809212,1.115916496,1.117725708,solved,0.04454168442661257,0.059999999999999346,28.638909814146018,277,13850,0,-1,-1,-1,-1,-1,-1,-1,-1,-1,-1,-1,-1,-1,-1,-1,-1,-1,-1,-1,-1
QSTAIR,0.001069247,0.890476323,0.89154557,maximum iterations reached,0.38765983717415686,0.12408173936604484,-7409.129327810453,500,25000,0,-1,-1,-1,-1,-1,-1,-1,-1,-1,-1,-1,-1,-1,-1,-1,-1,-1,-1,-1,-1
QSTANDAT,0.000793345,0.311404679,0.312198024,solved,1.3024586674413437e-05,4.451360790386216e-08,0.011420485014923543,166,8325,0,-1,-1,-1,-1,-1,-1,-1,-1,-1,-1,-1,-1,-1,-1,-1,-1,-1,-1,-1,-1
S268,2.989e-05,0.000107891,0.00013778100000000001,solved,2.9937461788616806e-14,0.005304829026330345,-0.026615756172583622,5,250,0,-1,-1,-1,-1,-1,-1,-1,-1,-1,-1,-1,-1,-1,-1,-1,-1,-1,-1,-1,-1
STADAT1,0.001727642,3.186319395,3.188047037,maximum iterations reached,4.037042324677074,0.0013508886886303758,-1080.8136846528525,500,25000,0,-1,-1,-1,-1,-1,-1,-1,-1,-1,-1,-1,-1,-1,-1,-1,-1,-1,-1,-1,-1
STADAT2,0.001734941,3.201618268,3.203353209,maximum iterations reached,0.8981266900203838,3.721391568622419e-06,-0.26894011859678946,500,25000,0,-1,-1,-1,-1,-1,-1,-1,-1,-1,-1,-1,-1,-1,-1,-1,-1,-1,-1,-1,-1
STADAT3,0.003428343,6.464708888,6.468137231,maximum iterations reached,1.5454905836050792,6.716432205966812e-06,-0.2581071678679939,500,25000,0,-1,-1,-1,-1,-1,-1,-1,-1,-1,-1,-1,-1,-1,-1,-1,-1,-1,-1,-1,-1
STCQP1,0.008696508,0.024913298,0.033609806,solved,5.917879793868703e-10,6.760408558855304e-08,1.1658994480967522e-07,1,75,0,-1,-1,-1,-1,-1,-1,-1,-1,-1,-1,-1,-1,-1,-1,-1,-1,-1,-1,-1,-1
STCQP2,0.016143728,0.040561202,0.05670493,solved,3.652192178958096e-11,1.6440726788548697e-08,3.1359377317130566e-08,1,75,0,-1,-1,-1,-1,-1,-1,-1,-1,-1,-1,-1,-1,-1,-1,-1,-1,-1,-1,-1,-1
TAME,1.671e-05,1.423e-05,3.094e-05,solved,3.7026041796606356e-10,2.4951142158955263e-09,-2.4951142158955268e-09,1,50,0,-1,-1,-1,-1,-1,-1,-1,-1,-1,-1,-1,-1,-1,-1,-1,-1,-1,-1,-1,-1
UBH1,0.010569061,16.541277985,16.551847046000002,solved,1.5235386285894492e-08,1.54684224413712e-12,-3.229258829229309e-06,482,24125,0,-1,-1,-1,-1,-1,-1,-1,-1,-1,-1,-1,-1,-1,-1,-1,-1,-1,-1,-1,-1
VALUES,0.000377003,0.017550767,0.01792777,solved,6.385801710312238e-07,1.528648587086647e-06,-4.3289008688773833e-07,19,975,0,-1,-1,-1,-1,-1,-1,-1,-1,-1,-1,-1,-1,-1,-1,-1,-1,-1,-1,-1,-1
YAO,0.001313888,2.401562611,2.402876499,maximum iterations reached,0.0001804787307252528,0.0003239786213419709,-3.6884420213969586,500,25000,0,-1,-1,-1,-1,-1,-1,-1,-1,-1,-1,-1,-1,-1,-1,-1,-1,-1,-1,-1,-1
ZECEVIC2,2.793e-05,2.682e-05,5.475e-05,solved,1.710821706524257e-08,2.724227154971004e-08,8.74108176951438e-08,2,100,0,-1,-1,-1,-1,-1,-1,-1,-1,-1,-1,-1,-1,-1,-1,-1,-1,-1,-1,-1,-1
